fecha,bono_pe_10a_soles,embig_peru_pbs,tasa_fondos_federales,tesoro_2a,tesoro_10a
2010-01-04,5.834,165,0.12,1.09,3.85
2010-01-05,5.789,168,0.12,1.01,3.77
2010-01-06,5.739,160,0.12,1.01,3.85
2010-01-07,5.722,162,0.1,1.03,3.85
2010-01-08,5.724,164,0.11,0.96,3.83
2010-01-11,5.739,159,0.11,0.95,3.85
2010-01-12,5.749,169,0.11,0.92,3.74
2010-01-13,5.759,168,0.11,0.97,3.8
2010-01-14,5.755,175,0.11,0.94,3.76
2010-01-15,5.746,175,0.12,0.89,3.7
2010-01-19,5.734,179,0.13,0.93,3.73
2010-01-20,5.739,185,0.13,0.92,3.68
2010-01-21,5.749,194,0.12,0.87,3.62
2010-01-22,5.753,196,0.11,0.84,3.62
2010-01-25,5.739,190,0.12,0.86,3.66
2010-01-26,5.749,187,0.12,0.87,3.65
2010-01-27,5.755,194,0.12,0.9,3.66
2010-01-28,5.779,202,0.12,0.87,3.68
2010-01-29,5.829,214,0.12,0.82,3.63
2010-02-01,5.873,210,0.14,0.86,3.68
2010-02-02,5.933,210,0.14,0.86,3.67
2010-02-03,6.115,212,0.13,0.88,3.73
2010-02-04,6.132,229,0.14,0.8,3.62
2010-02-05,6.109,240,0.13,0.77,3.59
2010-02-08,6.126,231,0.13,0.79,3.62
2010-02-09,6.119,218,0.13,0.84,3.67
2010-02-10,6.109,205,0.12,0.91,3.72
2010-02-11,6.095,192,0.12,0.91,3.73
2010-02-12,6.079,195,0.12,0.84,3.69
2010-02-16,6.066,192,0.13,0.82,3.66
2010-02-17,6.052,187,0.12,0.87,3.74
2010-02-18,6.109,182,0.12,0.9,3.79
2010-02-19,6.126,180,0.13,0.95,3.78
2010-02-22,6.139,179,0.12,0.91,3.8
2010-02-23,6.159,194,0.12,0.87,3.69
2010-02-24,6.155,184,0.11,0.87,3.7
2010-02-25,6.185,185,0.12,0.82,3.64
2010-02-26,6.186,179,0.13,0.81,3.61
2010-03-01,6.189,166,0.14,0.8,3.61
2010-03-02,6.179,169,0.14,0.8,3.62
2010-03-03,6.155,178,0.15,0.82,3.63
2010-03-04,6.133,179,0.16,0.86,3.61
2010-03-05,6.104,165,0.17,0.91,3.69
2010-03-08,6.084,155,0.15,0.9,3.72
2010-03-09,6.082,158,0.14,0.89,3.71
2010-03-10,6.078,157,0.14,0.92,3.73
2010-03-11,6.098,157,0.15,0.97,3.73
2010-03-12,6.119,158,0.17,0.97,3.71
2010-03-15,6.119,158,0.2,0.96,3.71
2010-03-16,6.119,160,0.2,0.93,3.66
2010-03-17,6.068,162,0.18,0.95,3.65
2010-03-18,6.062,158,0.18,0.98,3.68
2010-03-19,6.066,158,0.18,1.02,3.7
2010-03-22,6.076,159,0.18,1.01,3.67
2010-03-23,6.049,157,0.17,1.02,3.69
2010-03-24,6.055,145,0.17,1.08,3.84
2010-03-25,6.07,141,0.17,1.1,3.91
2010-03-26,6.066,147,0.17,1.04,3.86
2010-03-29,6.058,148,0.16,1.04,3.88
2010-03-30,6.051,146,0.16,1.06,3.88
2010-03-31,6.049,149,0.09,1.02,3.84
2010-04-05,6.052,128,0.2,1.18,4.01
2010-04-06,6.056,132,0.2,1.14,3.98
2010-04-07,6.038,148,0.19,1.06,3.89
2010-04-08,6.002,146,0.19,1.09,3.91
2010-04-09,6.019,142,0.19,1.08,3.9
2010-04-12,5.992,147,0.19,1.07,3.87
2010-04-13,5.976,147,0.2,1.07,3.84
2010-04-14,5.938,136,0.2,1.07,3.88
2010-04-15,5.928,133,0.22,1.04,3.86
2010-04-16,5.929,140,0.21,0.98,3.79
2010-04-19,5.939,138,0.2,1.01,3.83
2010-04-20,5.934,136,0.2,1.05,3.82
2010-04-21,5.943,146,0.2,1.03,3.77
2010-04-22,5.943,143,0.2,1.07,3.8
2010-04-23,5.959,138,0.2,1.1,3.84
2010-04-26,5.962,140,0.2,1.09,3.83
2010-04-27,5.976,156,0.2,1.03,3.71
2010-04-28,5.994,150,0.2,1.03,3.8
2010-04-29,6.009,156,0.19,1.01,3.76
2010-04-30,6.039,168,0.2,0.97,3.69
2010-05-03,6.026,164,0.2,1.0,3.72
2010-05-04,6.036,181,0.21,0.96,3.63
2010-05-05,6.058,192,0.21,0.88,3.58
2010-05-06,6.078,219,0.2,0.75,3.41
2010-05-07,6.109,217,0.2,0.83,3.45
2010-05-10,6.129,194,0.2,0.87,3.57
2010-05-11,6.179,185,0.2,0.85,3.56
2010-05-12,6.152,175,0.2,0.89,3.56
2010-05-13,6.145,179,0.2,0.87,3.55
2010-05-14,6.149,197,0.2,0.79,3.44
2010-05-17,6.193,193,0.21,0.81,3.47
2010-05-18,6.166,204,0.21,0.76,3.38
2010-05-19,6.165,207,0.2,0.8,3.36
2010-05-20,6.166,221,0.2,0.76,3.25
2010-05-21,6.183,224,0.2,0.76,3.2
2010-05-24,6.193,218,0.21,0.77,3.23
2010-05-25,6.279,227,0.21,0.81,3.18
2010-05-26,6.222,219,0.2,0.82,3.21
2010-05-27,6.255,205,0.2,0.87,3.34
2010-05-28,6.256,208,0.19,0.76,3.31
2010-06-01,6.276,208,0.2,0.78,3.29
2010-06-02,6.329,202,0.2,0.82,3.35
2010-06-03,6.369,192,0.19,0.82,3.39
2010-06-04,6.486,211,0.19,0.72,3.2
2010-06-07,6.476,213,0.19,0.74,3.17
2010-06-08,6.463,220,0.19,0.74,3.18
2010-06-09,6.452,212,0.18,0.74,3.2
2010-06-10,6.399,201,0.18,0.79,3.33
2010-06-11,6.379,212,0.18,0.75,3.24
2010-06-14,6.353,206,0.18,0.77,3.28
2010-06-15,6.299,200,0.19,0.79,3.32
2010-06-16,6.246,199,0.19,0.75,3.27
2010-06-17,6.272,204,0.19,0.72,3.21
2010-06-18,6.266,200,0.18,0.74,3.24
2010-06-21,6.269,196,0.17,0.74,3.26
2010-06-22,6.259,204,0.18,0.71,3.18
2010-06-23,6.259,210,0.17,0.66,3.13
2010-06-24,6.252,206,0.16,0.67,3.14
2010-06-25,6.239,207,0.16,0.65,3.12
2010-06-30,6.225,215,0.09,0.61,2.97
2010-07-01,6.229,219,0.17,0.63,2.96
2010-07-02,6.229,209,0.18,0.63,3.0
2010-07-06,6.176,212,0.18,0.62,2.95
2010-07-07,6.132,198,0.18,0.63,3.0
2010-07-08,6.079,196,0.17,0.63,3.04
2010-07-09,6.033,192,0.18,0.63,3.07
2010-07-12,5.996,191,0.17,0.65,3.08
2010-07-13,5.959,184,0.17,0.67,3.15
2010-07-14,5.942,188,0.17,0.62,3.07
2010-07-15,5.958,187,0.19,0.61,3.0
2010-07-16,6.026,190,0.19,0.61,2.96
2010-07-19,6.036,184,0.19,0.61,2.99
2010-07-20,6.009,179,0.18,0.61,2.98
2010-07-21,5.989,186,0.18,0.58,2.9
2010-07-22,5.848,181,0.18,0.6,2.96
2010-07-23,5.798,174,0.19,0.6,3.02
2010-07-26,5.761,168,0.19,0.62,3.03
2010-07-27,5.726,160,0.19,0.65,3.08
2010-08-02,5.724,158,0.19,0.56,2.99
2010-08-03,5.728,157,0.19,0.53,2.94
2010-08-04,5.705,149,0.19,0.56,2.98
2010-08-05,5.643,156,0.19,0.53,2.94
2010-08-06,5.688,158,0.18,0.5,2.86
2010-08-09,5.626,145,0.18,0.54,2.86
2010-08-10,5.639,147,0.18,0.52,2.79
2010-08-11,5.653,148,0.17,0.54,2.72
2010-08-12,5.648,146,0.18,0.55,2.74
2010-08-13,5.649,150,0.19,0.54,2.68
2010-08-16,5.646,160,0.2,0.51,2.58
2010-08-17,5.609,147,0.2,0.52,2.64
2010-08-18,5.579,142,0.19,0.51,2.64
2010-08-19,5.545,148,0.19,0.49,2.58
2010-08-20,5.539,149,0.2,0.49,2.62
2010-08-23,5.529,147,0.19,0.49,2.6
2010-08-24,5.532,162,0.19,0.5,2.5
2010-08-25,5.53,161,0.19,0.53,2.54
2010-08-26,5.532,171,0.19,0.51,2.5
2010-08-27,5.601,168,0.19,0.56,2.66
2010-08-31,5.712,191,0.21,0.47,2.47
2010-09-01,5.713,172,0.19,0.5,2.58
2010-09-02,5.705,160,0.19,0.5,2.63
2010-09-03,5.72,154,0.19,0.52,2.72
2010-09-07,5.754,169,0.2,0.49,2.61
2010-09-08,5.778,167,0.19,0.52,2.66
2010-09-09,5.778,159,0.18,0.57,2.77
2010-09-10,5.779,154,0.18,0.58,2.81
2010-09-13,5.782,159,0.18,0.53,2.74
2010-09-14,5.786,163,0.19,0.5,2.68
2010-09-15,5.798,153,0.21,0.5,2.74
2010-09-16,5.782,150,0.21,0.48,2.77
2010-09-17,5.774,162,0.21,0.48,2.75
2010-09-20,5.779,171,0.21,0.47,2.72
2010-09-21,5.743,178,0.2,0.43,2.61
2010-09-22,5.736,180,0.21,0.44,2.56
2010-09-23,5.727,184,0.2,0.45,2.56
2010-09-24,5.666,176,0.21,0.45,2.62
2010-09-27,5.692,180,0.19,0.44,2.54
2010-09-28,5.631,182,0.19,0.37,2.48
2010-09-29,5.652,172,0.19,0.44,2.52
2010-09-30,5.622,174,0.15,0.42,2.53
2010-10-01,5.606,171,0.2,0.42,2.54
2010-10-04,5.55,177,0.2,0.41,2.5
2010-10-05,5.583,178,0.2,0.41,2.5
2010-10-06,5.502,182,0.19,0.38,2.41
2010-10-07,5.536,173,0.18,0.36,2.41
2010-10-12,5.515,160,0.18,0.37,2.44
2010-10-13,5.467,154,0.18,0.37,2.46
2010-10-14,5.497,148,0.19,0.38,2.52
2010-10-15,5.426,145,0.2,0.37,2.59
2010-10-18,5.455,153,0.19,0.38,2.52
2010-10-19,5.449,163,0.19,0.37,2.5
2010-10-20,5.423,164,0.19,0.35,2.51
2010-10-21,5.443,158,0.19,0.37,2.57
2010-10-22,5.462,151,0.19,0.35,2.59
2010-10-25,5.464,145,0.19,0.37,2.59
2010-10-26,5.482,137,0.19,0.4,2.67
2010-10-27,5.528,130,0.19,0.4,2.75
2010-10-28,5.518,133,0.19,0.37,2.69
2010-10-29,5.469,136,0.2,0.34,2.63
2010-11-02,5.446,132,0.2,0.34,2.63
2010-11-03,5.416,130,0.2,0.34,2.67
2010-11-04,5.401,137,0.19,0.33,2.53
2010-11-05,5.398,135,0.18,0.38,2.58
2010-11-08,5.449,150,0.18,0.41,2.6
2010-11-09,5.585,146,0.17,0.46,2.72
2010-11-10,5.663,155,0.17,0.44,2.65
2010-11-12,5.69,156,0.19,0.51,2.76
2010-11-15,5.776,152,0.21,0.53,2.92
2010-11-16,5.871,163,0.21,0.51,2.85
2010-11-17,5.837,154,0.2,0.5,2.89
2010-11-18,5.847,152,0.2,0.52,2.9
2010-11-19,5.827,155,0.21,0.52,2.88
2010-11-22,5.826,161,0.19,0.49,2.8
2010-11-23,5.799,169,0.2,0.45,2.77
2010-11-24,5.81,153,0.2,0.53,2.93
2010-11-26,5.838,153,0.2,0.51,2.87
2010-11-29,5.916,170,0.2,0.52,2.84
2010-11-30,5.895,180,0.2,0.45,2.81
2010-12-01,5.954,163,0.2,0.53,2.97
2010-12-02,5.922,160,0.19,0.55,3.01
2010-12-03,5.916,154,0.18,0.49,3.03
2010-12-06,5.896,156,0.18,0.42,2.95
2010-12-07,5.895,142,0.17,0.54,3.15
2010-12-09,5.864,154,0.16,0.64,3.23
2010-12-10,5.909,149,0.16,0.64,3.32
2010-12-13,5.909,153,0.17,0.61,3.29
2010-12-14,5.899,142,0.19,0.66,3.49
2010-12-15,5.929,149,0.2,0.68,3.53
2010-12-16,5.969,164,0.2,0.66,3.47
2010-12-17,5.949,178,0.2,0.61,3.33
2010-12-20,5.909,165,0.21,0.62,3.36
2010-12-21,5.797,162,0.2,0.63,3.35
2010-12-22,5.853,161,0.19,0.65,3.36
2010-12-23,5.855,159,0.19,0.67,3.41
2010-12-27,5.869,157,0.19,0.71,3.36
2010-12-28,5.878,152,0.18,0.75,3.5
2010-12-29,5.895,157,0.18,0.64,3.35
2010-12-30,5.892,154,0.19,0.66,3.38
2011-01-03,5.879,161,0.19,0.61,3.36
2011-01-04,5.836,141,0.18,0.63,3.36
2011-01-05,5.855,135,0.18,0.71,3.5
2011-01-06,5.855,142,0.17,0.68,3.44
2011-01-07,5.811,147,0.17,0.6,3.34
2011-01-10,5.811,151,0.17,0.59,3.32
2011-01-11,5.824,144,0.17,0.6,3.37
2011-01-12,5.83,141,0.16,0.61,3.4
2011-01-13,5.824,143,0.16,0.59,3.34
2011-01-14,5.824,143,0.16,0.59,3.35
2011-01-18,5.828,140,0.19,0.6,3.39
2011-01-19,5.827,148,0.18,0.6,3.37
2011-01-20,5.844,142,0.18,0.65,3.47
2011-01-21,5.864,144,0.17,0.63,3.44
2011-01-24,5.872,143,0.18,0.65,3.43
2011-01-25,5.881,152,0.17,0.62,3.35
2011-01-26,5.872,140,0.17,0.62,3.45
2011-01-27,5.87,148,0.17,0.59,3.42
2011-01-28,5.869,157,0.17,0.54,3.36
2011-01-31,5.869,152,0.17,0.58,3.42
2011-02-01,5.883,145,0.18,0.61,3.48
2011-02-02,5.932,140,0.18,0.67,3.52
2011-02-03,5.938,134,0.17,0.71,3.58
2011-02-04,5.943,129,0.17,0.77,3.68
2011-02-07,5.999,135,0.17,0.78,3.68
2011-02-08,5.998,127,0.16,0.86,3.75
2011-02-09,5.975,139,0.15,0.81,3.65
2011-02-10,5.978,136,0.15,0.85,3.7
2011-02-11,5.979,142,0.15,0.85,3.64
2011-02-14,5.992,150,0.15,0.87,3.62
2011-02-15,6.076,157,0.16,0.84,3.61
2011-02-16,6.042,150,0.15,0.86,3.62
2011-02-17,6.018,149,0.15,0.8,3.58
2011-02-18,5.999,147,0.15,0.78,3.59
2011-02-22,6.039,157,0.15,0.74,3.46
2011-02-23,6.052,158,0.15,0.74,3.49
2011-02-24,6.155,162,0.15,0.73,3.46
2011-02-25,6.166,162,0.15,0.72,3.42
2011-02-28,6.149,156,0.16,0.69,3.42
2011-03-01,6.196,151,0.15,0.66,3.41
2011-03-02,6.262,143,0.16,0.69,3.46
2011-03-03,6.255,132,0.15,0.79,3.58
2011-03-04,6.259,141,0.15,0.68,3.49
2011-03-07,6.304,138,0.14,0.7,3.51
2011-03-08,6.224,133,0.14,0.73,3.56
2011-03-09,6.236,138,0.14,0.7,3.48
2011-03-10,6.238,150,0.14,0.65,3.37
2011-03-11,6.214,148,0.13,0.64,3.4
2011-03-14,6.193,152,0.14,0.61,3.36
2011-03-15,6.2,157,0.14,0.63,3.33
2011-03-16,6.237,167,0.14,0.58,3.22
2011-03-17,6.246,163,0.14,0.6,3.25
2011-03-18,6.252,163,0.15,0.61,3.28
2011-03-21,6.309,166,0.14,0.67,3.34
2011-03-22,6.426,172,0.14,0.68,3.34
2011-03-23,6.417,171,0.14,0.69,3.36
2011-03-24,6.471,169,0.13,0.72,3.42
2011-03-25,6.514,165,0.13,0.79,3.46
2011-03-28,6.555,168,0.13,0.81,3.47
2011-03-29,6.64,174,0.13,0.81,3.5
2011-03-30,6.7445,172,0.13,0.8,3.47
2011-03-31,6.73423076923077,173,0.1,0.8,3.47
2011-04-01,6.72357142857143,173,0.11,0.8,3.46
2011-04-04,6.76666666666667,179,0.09,0.77,3.45
2011-04-05,6.73333333333333,176,0.09,0.84,3.5
2011-04-06,6.69333333333333,164,0.1,0.85,3.56
2011-04-07,6.62958333333334,157,0.1,0.81,3.58
2011-04-08,6.59058823529412,160,0.09,0.83,3.59
2011-04-11,6.60833333333333,162,0.09,0.85,3.59
2011-04-12,6.695,170,0.08,0.77,3.52
2011-04-13,6.78625,184,0.08,0.75,3.49
2011-04-14,7.01888888888889,193,0.09,0.77,3.51
2011-04-15,7.10666666666667,202,0.12,0.71,3.43
2011-04-18,7.16333333333333,203,0.1,0.69,3.4
2011-04-19,7.18875,206,0.11,0.68,3.39
2011-04-20,7.2,203,0.1,0.69,3.43
2011-04-25,7.2075,210,0.1,0.67,3.39
2011-04-26,7.2475,227,0.09,0.65,3.34
2011-04-27,7.349,231,0.09,0.65,3.39
2011-04-28,7.19533333333333,226,0.09,0.62,3.34
2011-04-29,7.03428571428571,217,0.09,0.61,3.32
2011-05-03,6.95185185185185,216,0.09,0.61,3.28
2011-05-04,6.79179130434783,199,0.09,0.6,3.25
2011-05-05,6.80032857142857,200,0.09,0.58,3.18
2011-05-06,6.73,189,0.09,0.57,3.19
2011-05-09,6.614,188,0.09,0.57,3.17
2011-05-10,6.745,188,0.09,0.59,3.23
2011-05-11,6.82909090909091,194,0.09,0.56,3.19
2011-05-12,6.74754285714286,183,0.09,0.57,3.22
2011-05-13,6.6879641025641,178,0.09,0.57,3.18
2011-05-16,6.72,181,0.1,0.54,3.15
2011-05-17,6.715,183,0.09,0.55,3.12
2011-05-18,6.67666666666667,181,0.1,0.58,3.18
2011-05-19,6.719,179,0.09,0.55,3.17
2011-05-20,6.7,182,0.1,0.55,3.15
2011-05-23,6.69363636363636,175,0.1,0.55,3.13
2011-05-24,6.7,176,0.1,0.56,3.12
2011-05-25,6.68571428571429,174,0.09,0.54,3.13
2011-05-26,6.65222222222222,182,0.09,0.48,3.07
2011-05-27,6.6394,182,0.1,0.48,3.07
2011-05-31,6.67333333333333,189,0.1,0.45,3.05
2011-06-01,6.7,201,0.1,0.44,2.96
2011-06-02,6.588,189,0.1,0.45,3.04
2011-06-03,6.54125,192,0.11,0.42,2.99
2011-06-06,6.80851851851852,214,0.1,0.43,3.01
2011-06-07,6.67666666666667,195,0.09,0.39,3.01
2011-06-08,6.536,199,0.09,0.39,2.98
2011-06-09,6.51,189,0.09,0.43,3.01
2011-06-10,6.42,191,0.09,0.41,2.99
2011-06-13,6.40285714285714,193,0.1,0.4,3.0
2011-06-14,6.458,182,0.1,0.45,3.11
2011-06-15,6.44,193,0.1,0.38,2.98
2011-06-16,6.46,198,0.1,0.38,2.93
2011-06-17,6.385,197,0.1,0.38,2.94
2011-06-20,6.38,196,0.09,0.38,2.97
2011-06-21,6.32444444444445,193,0.09,0.4,2.99
2011-06-22,6.3,192,0.09,0.39,3.01
2011-06-23,6.33,197,0.08,0.35,2.93
2011-06-24,6.379,200,0.08,0.35,2.88
2011-06-27,6.3,191,0.08,0.41,2.95
2011-06-28,6.369,184,0.08,0.48,3.05
2011-06-30,6.30166666666667,169,0.07,0.45,3.18
2011-07-01,6.25666666666667,168,0.08,0.5,3.22
2011-07-05,6.22,168,0.08,0.44,3.16
2011-07-06,6.2,173,0.07,0.43,3.12
2011-07-07,6.23166666666667,168,0.07,0.49,3.17
2011-07-08,6.289,180,0.07,0.4,3.03
2011-07-11,6.27,186,0.07,0.37,2.94
2011-07-12,6.27416666666667,189,0.06,0.37,2.92
2011-07-13,6.25,189,0.06,0.37,2.92
2011-07-14,6.25,182,0.06,0.38,2.98
2011-07-15,6.25,185,0.06,0.37,2.94
2011-07-18,6.24105263157895,176,0.06,0.37,2.94
2011-07-19,6.23666666666667,177,0.06,0.39,2.91
2011-07-20,6.2165,169,0.06,0.4,2.96
2011-07-21,6.2,160,0.06,0.4,3.03
2011-07-22,6.2101,163,0.06,0.4,2.99
2011-07-25,6.20333333333333,160,0.06,0.42,3.03
2011-07-26,6.19,160,0.06,0.41,2.99
2011-07-27,6.19083333333333,154,0.07,0.44,3.01
2011-08-01,6.139059375,151,0.17,0.38,2.77
2011-08-02,6.085,159,0.16,0.33,2.66
2011-08-03,6.09428571428572,162,0.12,0.33,2.64
2011-08-04,6.11290322580645,183,0.09,0.27,2.47
2011-08-05,6.124,181,0.08,0.28,2.58
2011-08-08,6.12232222222222,216,0.11,0.27,2.4
2011-08-09,6.124,225,0.1,0.19,2.2
2011-08-10,6.068,225,0.1,0.19,2.17
2011-08-11,6.015,214,0.09,0.19,2.34
2011-08-12,5.9903705882353,216,0.1,0.2,2.24
2011-08-15,5.97818181818182,204,0.1,0.19,2.29
2011-08-16,5.98,209,0.09,0.2,2.23
2011-08-17,5.94923076923077,208,0.09,0.19,2.17
2011-08-18,5.9021052631579,216,0.09,0.2,2.08
2011-08-19,5.868,218,0.09,0.2,2.07
2011-08-22,5.801,213,0.09,0.22,2.1
2011-08-23,5.71958333333333,210,0.08,0.22,2.15
2011-08-24,5.64571428571429,194,0.08,0.23,2.29
2011-08-25,5.60789473684211,200,0.08,0.22,2.23
2011-08-26,5.642,204,0.09,0.2,2.19
2011-08-31,5.53058823529412,186,0.08,0.2,2.23
2011-09-01,5.53727272727273,194,0.08,0.19,2.15
2011-09-02,5.506,207,0.08,0.2,2.02
2011-09-06,5.41166666666667,213,0.09,0.21,1.98
2011-09-07,5.4025,206,0.09,0.21,2.05
2011-09-08,5.41,209,0.09,0.19,2.0
2011-09-09,5.38205128205128,222,0.09,0.17,1.93
2011-09-12,5.4225,227,0.09,0.21,1.94
2011-09-13,5.455,221,0.09,0.21,2.0
2011-09-14,5.4955,224,0.08,0.19,2.03
2011-09-15,5.55441176470588,219,0.09,0.21,2.09
2011-09-16,5.63875,221,0.09,0.18,2.08
2011-09-19,5.68058823529412,239,0.09,0.16,1.97
2011-09-20,5.67545454545455,236,0.09,0.18,1.95
2011-09-21,5.73,247,0.08,0.21,1.88
2011-09-22,5.925,283,0.08,0.2,1.72
2011-09-23,5.82576923076923,277,0.08,0.23,1.84
2011-09-26,5.8,280,0.08,0.25,1.91
2011-09-27,5.754375,269,0.08,0.25,2.0
2011-09-28,5.868,270,0.08,0.27,2.03
2011-09-29,5.863125,274,0.08,0.27,1.99
2011-09-30,5.85833333333333,279,0.06,0.25,1.92
2011-10-03,5.929,295,0.08,0.24,1.8
2011-10-04,5.87833333333333,295,0.07,0.25,1.81
2011-10-05,5.86416666666667,292,0.07,0.25,1.92
2011-10-06,5.77594736842105,271,0.07,0.29,2.01
2011-10-07,5.74944444444444,261,0.07,0.3,2.1
2011-10-11,5.72814814814815,235,0.07,0.32,2.18
2011-10-12,5.71302325581395,217,0.07,0.29,2.24
2011-10-13,5.64866666666666,224,0.07,0.29,2.19
2011-10-14,5.628,212,0.07,0.28,2.26
2011-10-17,5.7,219,0.07,0.28,2.18
2011-10-18,5.72333333333333,218,0.07,0.28,2.19
2011-10-19,5.68863636363636,218,0.07,0.28,2.18
2011-10-20,5.7,219,0.07,0.28,2.2
2011-10-21,5.68,215,0.07,0.3,2.23
2011-10-24,5.70483928571428,212,0.07,0.3,2.25
2011-10-25,5.7053,219,0.07,0.26,2.14
2011-10-26,5.73666666666667,208,0.08,0.28,2.23
2011-10-27,5.61091666666667,183,0.07,0.31,2.42
2011-10-28,5.59888888888889,192,0.07,0.28,2.34
2011-11-02,5.62058823529412,209,0.08,0.23,2.03
2011-11-03,5.65647058823529,192,0.09,0.24,2.09
2011-11-04,5.66428571428572,192,0.08,0.22,2.06
2011-11-07,5.66692307692308,199,0.08,0.25,2.04
2011-11-08,5.65,190,0.08,0.25,2.1
2011-11-09,5.6825,208,0.08,0.24,2.0
2011-11-10,5.66,198,0.08,0.24,2.04
2011-11-14,5.60125,201,0.08,0.24,2.04
2011-11-15,5.63,199,0.09,0.26,2.06
2011-11-16,5.62875,203,0.08,0.26,2.01
2011-11-17,5.61589655172414,210,0.08,0.27,1.96
2011-11-18,5.61355932203391,217,0.08,0.29,2.01
2011-11-21,5.68384615384615,228,0.08,0.27,1.97
2011-11-22,5.69952380952381,231,0.08,0.26,1.94
2011-11-23,5.73153846153846,242,0.09,0.26,1.89
2011-11-25,5.73860465116279,242,0.07,0.28,1.97
2011-11-28,5.72254545454546,236,0.08,0.26,1.97
2011-11-29,5.716,238,0.08,0.27,2.0
2011-11-30,5.66880952380952,227,0.1,0.25,2.08
2011-12-01,5.62044444444444,217,0.08,0.27,2.11
2011-12-02,5.62,220,0.08,0.25,2.05
2011-12-05,5.64605263157894,219,0.08,0.27,2.04
2011-12-06,5.65875,211,0.08,0.25,2.08
2011-12-07,5.64988888888889,218,0.08,0.24,2.02
2011-12-09,5.63520547945205,210,0.07,0.22,2.07
2011-12-12,5.7203947368421,215,0.07,0.24,2.03
2011-12-13,5.72615384615385,215,0.07,0.24,1.96
2011-12-14,5.74290322580646,223,0.07,0.25,1.92
2011-12-15,5.73377391304348,221,0.07,0.26,1.92
2011-12-16,5.69319076923077,228,0.07,0.24,1.86
2011-12-19,5.69882352941176,232,0.07,0.24,1.82
2011-12-20,5.69777777777778,218,0.07,0.26,1.94
2011-12-21,5.7028125,212,0.07,0.28,1.98
2011-12-22,5.72,214,0.07,0.28,1.97
2011-12-27,5.72071428571429,207,0.07,0.3,2.02
2011-12-28,5.72,215,0.07,0.28,1.93
2011-12-29,5.73537142857143,217,0.07,0.28,1.91
2012-01-03,5.67436363636364,206,0.07,0.27,1.97
2012-01-04,5.69,205,0.07,0.25,2.0
2012-01-05,5.65665151515152,207,0.07,0.27,2.02
2012-01-06,5.65139534883721,211,0.07,0.25,1.98
2012-01-09,5.66208333333334,210,0.08,0.26,1.98
2012-01-10,5.65064516129032,211,0.08,0.24,2.0
2012-01-11,5.68313953488372,228,0.08,0.24,1.93
2012-01-12,5.69881355932203,227,0.08,0.22,1.94
2012-01-13,5.73042553191489,233,0.09,0.24,1.89
2012-01-17,5.72404333333333,235,0.09,0.21,1.87
2012-01-18,5.72045454545454,230,0.09,0.24,1.92
2012-01-19,5.70010909090909,220,0.1,0.26,2.01
2012-01-20,5.69166666666667,214,0.09,0.26,2.05
2012-01-23,5.68547083333333,212,0.09,0.26,2.09
2012-01-24,5.68,221,0.09,0.24,2.08
2012-01-25,5.73790697674419,220,0.08,0.22,2.01
2012-01-26,5.68631904761905,223,0.08,0.22,1.96
2012-01-27,5.65588235294118,221,0.09,0.22,1.93
2012-01-30,5.66714285714286,223,0.09,0.22,1.87
2012-01-31,5.6488,221,0.11,0.22,1.83
2012-02-01,5.62,214,0.11,0.23,1.87
2012-02-02,5.6,215,0.11,0.23,1.86
2012-02-03,5.58245714285714,203,0.11,0.23,1.97
2012-02-06,5.61520000000001,207,0.11,0.24,1.93
2012-02-07,5.65031645569619,199,0.11,0.25,2.0
2012-02-08,5.62235294117647,200,0.11,0.27,2.01
2012-02-09,5.598,195,0.11,0.27,2.04
2012-02-10,5.57053124999999,204,0.12,0.27,1.96
2012-02-13,5.54166666666667,196,0.12,0.29,1.99
2012-02-14,5.58003846153846,201,0.12,0.29,1.92
2012-02-15,5.56666666666667,201,0.12,0.29,1.93
2012-02-16,5.56623376623376,195,0.11,0.29,1.99
2012-02-17,5.54347826086957,192,0.09,0.29,2.01
2012-02-21,5.53296296296296,188,0.1,0.31,2.05
2012-02-22,5.50999999999999,191,0.08,0.29,2.01
2012-02-23,5.51,195,0.08,0.31,1.99
2012-02-24,5.47584186046512,198,0.09,0.31,1.98
2012-02-27,5.4692,203,0.1,0.3,1.92
2012-02-28,5.471,200,0.1,0.3,1.94
2012-02-29,5.43809523809524,195,0.1,0.3,1.98
2012-03-01,5.44947368421053,187,0.11,0.3,2.03
2012-03-02,5.4441935483871,187,0.11,0.28,1.99
2012-03-05,5.43941176470588,187,0.11,0.31,2.0
2012-03-06,5.42673913043478,193,0.11,0.3,1.96
2012-03-07,5.44929156626505,186,0.11,0.3,1.98
2012-03-08,5.45518518518519,180,0.11,0.32,2.03
2012-03-09,5.386,179,0.12,0.33,2.04
2012-03-12,5.33363636363636,174,0.12,0.33,2.04
2012-03-13,5.32382352941176,165,0.12,0.35,2.14
2012-03-14,5.37943191489362,152,0.13,0.4,2.29
2012-03-15,5.39810810810811,152,0.14,0.37,2.29
2012-03-16,5.38611515151515,150,0.15,0.37,2.31
2012-03-19,5.364,144,0.15,0.39,2.39
2012-03-20,5.3875,145,0.15,0.41,2.38
2012-03-21,5.37173913043478,151,0.15,0.39,2.31
2012-03-22,5.39469387755102,154,0.14,0.37,2.29
2012-03-23,5.43450408163266,158,0.14,0.37,2.25
2012-03-26,5.48333333333334,157,0.14,0.36,2.26
2012-03-27,5.43301587301588,161,0.14,0.33,2.2
2012-03-28,5.39857142857142,160,0.13,0.34,2.21
2012-03-29,5.4253947368421,164,0.13,0.33,2.18
2012-03-30,5.4,157,0.09,0.33,2.23
2012-04-02,5.42526315789474,159,0.15,0.33,2.22
2012-04-03,5.43214285714286,148,0.15,0.36,2.3
2012-04-04,5.4415909090909,153,0.15,0.35,2.25
2012-04-09,5.42,173,0.16,0.32,2.06
2012-04-10,5.41074074074074,179,0.15,0.28,2.01
2012-04-11,5.4016923076923,171,0.16,0.3,2.05
2012-04-12,5.41333333333333,165,0.15,0.29,2.08
2012-04-13,5.37194444444444,168,0.15,0.27,2.02
2012-04-16,5.32063829787234,171,0.15,0.27,2.0
2012-04-17,5.25153846153846,163,0.16,0.27,2.03
2012-04-18,5.28333333333333,163,0.15,0.27,2.0
2012-04-19,5.27538461538461,162,0.13,0.27,1.98
2012-04-20,5.26970588235294,161,0.12,0.29,1.99
2012-04-23,5.2625,167,0.13,0.27,1.96
2012-04-24,5.23395348837209,165,0.14,0.27,2.0
2012-04-25,5.19807692307692,162,0.15,0.26,2.01
2012-04-26,5.15854166666666,165,0.14,0.26,1.98
2012-04-27,5.13727272727273,166,0.13,0.26,1.96
2012-05-02,5.03486486486487,159,0.15,0.27,1.96
2012-05-03,4.98723404255319,154,0.15,0.28,1.96
2012-05-04,4.95615384615385,156,0.16,0.27,1.91
2012-05-07,4.97611111111111,155,0.16,0.27,1.92
2012-05-08,5.044,159,0.16,0.27,1.88
2012-05-09,5.09447368421053,161,0.15,0.27,1.87
2012-05-10,5.09285714285714,156,0.15,0.27,1.89
2012-05-11,5.1,164,0.15,0.27,1.84
2012-05-14,5.15,175,0.16,0.29,1.78
2012-05-15,5.13196428571429,180,0.16,0.29,1.76
2012-05-16,5.13666666666667,184,0.16,0.3,1.76
2012-05-17,5.15333333333333,195,0.16,0.32,1.7
2012-05-18,5.16912926829268,197,0.16,0.32,1.71
2012-05-21,5.19851063829787,196,0.16,0.3,1.75
2012-05-22,5.21857142857143,190,0.16,0.3,1.79
2012-05-23,5.27566666666667,201,0.15,0.28,1.73
2012-05-24,5.33583333333333,195,0.15,0.29,1.77
2012-05-25,5.34214285714286,197,0.15,0.3,1.75
2012-05-29,5.23936170212766,197,0.16,0.3,1.74
2012-05-30,5.30684210526316,208,0.16,0.27,1.63
2012-05-31,5.3,216,0.16,0.27,1.59
2012-06-01,5.30403,226,0.16,0.25,1.47
2012-06-04,5.25,217,0.17,0.25,1.53
2012-06-05,5.22428571428571,208,0.17,0.25,1.57
2012-06-06,5.13717948717948,193,0.16,0.26,1.66
2012-06-07,5.07962962962963,189,0.16,0.27,1.66
2012-06-08,5.11916666666667,190,0.17,0.28,1.65
2012-06-11,5.15615384615385,195,0.17,0.27,1.6
2012-06-12,5.18,188,0.16,0.3,1.67
2012-06-13,5.14375,189,0.17,0.3,1.61
2012-06-14,5.12571428571429,184,0.17,0.3,1.64
2012-06-15,5.08280701754387,176,0.18,0.29,1.6
2012-06-18,5.03142857142857,182,0.17,0.29,1.59
2012-06-19,5.03229508196722,180,0.17,0.3,1.64
2012-06-20,5.04061224489796,180,0.16,0.32,1.65
2012-06-21,5.04397435897436,183,0.17,0.32,1.63
2012-06-22,5.19427142857143,176,0.17,0.31,1.69
2012-06-25,5.19427142857143,182,0.17,0.31,1.63
2012-06-26,5.195,180,0.16,0.31,1.66
2012-06-27,5.16214285714286,181,0.15,0.31,1.65
2012-06-28,5.18,184,0.15,0.31,1.6
2012-07-02,5.14,182,0.18,0.3,1.61
2012-07-03,5.15,174,0.17,0.3,1.65
2012-07-05,5.1325,174,0.17,0.28,1.62
2012-07-06,5.17,179,0.17,0.27,1.57
2012-07-09,5.17,180,0.17,0.27,1.53
2012-07-10,5.1,176,0.17,0.27,1.53
2012-07-11,5.03,165,0.17,0.27,1.54
2012-07-12,4.86,162,0.18,0.25,1.5
2012-07-13,4.86,157,0.19,0.25,1.52
2012-07-16,4.775,156,0.18,0.24,1.5
2012-07-17,4.98,151,0.17,0.25,1.53
2012-07-18,4.91,153,0.16,0.22,1.52
2012-07-19,4.8,150,0.13,0.22,1.54
2012-07-20,4.75,155,0.13,0.22,1.49
2012-07-23,4.95,158,0.14,0.22,1.47
2012-07-25,4.82333333333333,165,0.15,0.22,1.43
2012-07-26,4.82,162,0.14,0.23,1.45
2012-07-30,4.94,148,0.14,0.23,1.53
2012-07-31,5.88,145,0.13,0.23,1.51
2012-08-01,5.88,136,0.14,0.24,1.56
2012-08-02,4.65,142,0.14,0.24,1.51
2012-08-03,4.85,130,0.14,0.24,1.6
2012-08-06,4.8,131,0.14,0.24,1.59
2012-08-07,4.84,124,0.13,0.27,1.66
2012-08-08,4.85,122,0.13,0.29,1.68
2012-08-09,4.78888888888889,125,0.13,0.29,1.69
2012-08-10,4.781,130,0.13,0.27,1.65
2012-08-13,4.78,131,0.13,0.27,1.65
2012-08-14,4.82,130,0.13,0.27,1.73
2012-08-15,4.81,126,0.13,0.27,1.8
2012-08-16,4.83,126,0.13,0.29,1.83
2012-08-17,4.8,132,0.13,0.29,1.81
2012-08-20,4.83,134,0.13,0.29,1.82
2012-08-21,4.83,131,0.13,0.31,1.8
2012-08-22,4.805,137,0.13,0.26,1.71
2012-08-23,4.82631578947368,139,0.13,0.26,1.68
2012-08-24,4.80166666666667,137,0.13,0.28,1.68
2012-08-27,4.785,140,0.13,0.28,1.65
2012-08-28,4.78421052631579,139,0.13,0.27,1.64
2012-08-29,4.796,136,0.13,0.27,1.66
2012-09-04,4.78,143,0.14,0.23,1.59
2012-09-05,4.77666666666667,141,0.16,0.25,1.6
2012-09-06,4.776,132,0.16,0.27,1.68
2012-09-07,4.8,131,0.15,0.25,1.67
2012-09-10,4.75111111111111,128,0.15,0.25,1.68
2012-09-11,4.746,128,0.15,0.25,1.7
2012-09-12,4.75285714285714,119,0.15,0.25,1.77
2012-09-13,4.69296296296296,118,0.15,0.24,1.75
2012-09-14,4.682,109,0.16,0.27,1.88
2012-09-17,4.68,113,0.16,0.25,1.85
2012-09-18,4.60666666666667,115,0.16,0.25,1.82
2012-09-19,4.5625,116,0.15,0.27,1.79
2012-09-20,4.52625,114,0.16,0.27,1.8
2012-09-21,4.59,114,0.15,0.27,1.77
2012-09-24,4.578,117,0.16,0.27,1.74
2012-09-25,4.61,121,0.15,0.27,1.7
2012-09-26,4.61,126,0.15,0.26,1.64
2012-09-27,4.61090909090909,125,0.14,0.25,1.66
2012-09-28,4.57,125,0.09,0.23,1.65
2012-10-03,4.62,121,0.16,0.23,1.64
2012-10-04,4.62,113,0.15,0.23,1.7
2012-10-05,4.62,106,0.15,0.27,1.75
2012-10-09,4.60666666666667,107,0.16,0.25,1.74
2012-10-10,4.62,111,0.16,0.27,1.72
2012-10-11,4.6,114,0.16,0.28,1.7
2012-10-12,4.65,112,0.16,0.27,1.69
2012-10-15,4.65,107,0.16,0.27,1.7
2012-10-16,4.534,101,0.16,0.27,1.75
2012-10-17,4.52,94,0.15,0.3,1.83
2012-10-18,4.50933333333333,91,0.15,0.29,1.86
2012-10-19,4.45125,100,0.16,0.3,1.79
2012-10-22,4.5,98,0.15,0.32,1.83
2012-10-23,4.46666666666667,100,0.15,0.29,1.79
2012-10-24,4.47,99,0.17,0.29,1.8
2012-10-25,4.50181818181818,98,0.16,0.31,1.86
2012-10-26,4.56,111,0.16,0.3,1.78
2012-10-29,4.56,114,0.17,0.3,1.74
2012-10-31,4.505,118,0.18,0.3,1.72
2012-11-05,4.50666666666667,115,0.17,0.28,1.72
2012-11-06,4.515,110,0.16,0.3,1.78
2012-11-07,4.48125,121,0.16,0.27,1.68
2012-11-08,4.49846153846154,124,0.16,0.27,1.62
2012-11-09,4.55,126,0.16,0.27,1.61
2012-11-13,4.51,128,0.16,0.27,1.59
2012-11-14,4.49972222222222,131,0.16,0.25,1.59
2012-11-15,4.45193548387097,133,0.16,0.24,1.58
2012-11-16,4.452,133,0.16,0.24,1.58
2012-11-19,4.51,130,0.16,0.25,1.61
2012-11-20,4.443,124,0.16,0.27,1.66
2012-11-21,4.44909090909091,122,0.16,0.27,1.69
2012-11-23,4.444,122,0.16,0.29,1.7
2012-11-26,4.40416666666667,124,0.16,0.27,1.66
2012-11-27,4.39083333333333,123,0.16,0.27,1.64
2012-11-28,4.4,122,0.16,0.27,1.63
2012-11-29,4.36727272727273,120,0.16,0.25,1.62
2012-11-30,4.31285714285714,122,0.16,0.25,1.62
2012-12-03,4.27,123,0.16,0.25,1.63
2012-12-04,4.225625,125,0.17,0.25,1.62
2012-12-05,4.2125,124,0.16,0.25,1.6
2012-12-06,4.18153846153846,126,0.16,0.25,1.59
2012-12-07,4.19909090909091,122,0.16,0.25,1.64
2012-12-10,4.22642857142857,124,0.16,0.24,1.63
2012-12-11,4.18611111111111,121,0.17,0.24,1.66
2012-12-12,4.1475,115,0.17,0.25,1.72
2012-12-13,4.13142857142857,116,0.16,0.27,1.74
2012-12-14,4.13,118,0.17,0.24,1.72
2012-12-17,4.11714285714286,112,0.16,0.25,1.78
2012-12-18,4.132,108,0.17,0.28,1.84
2012-12-19,4.125,109,0.17,0.28,1.82
2012-12-20,4.12,111,0.17,0.28,1.81
2012-12-21,4.17,115,0.17,0.26,1.77
2012-12-26,4.10666666666667,114,0.17,0.26,1.77
2012-12-27,4.09533333333333,118,0.17,0.26,1.74
2013-01-02,4.09,105,0.17,0.27,1.86
2013-01-03,4.10214285714286,100,0.17,0.27,1.92
2013-01-04,4.125,100,0.16,0.27,1.93
2013-01-07,4.1,103,0.16,0.27,1.92
2013-01-08,4.125,108,0.15,0.25,1.89
2013-01-09,4.104,110,0.14,0.24,1.88
2013-01-10,4.05333333333333,109,0.14,0.26,1.91
2013-01-11,4.03333333333333,111,0.14,0.26,1.89
2013-01-14,4.015,111,0.14,0.26,1.89
2013-01-15,3.98,112,0.15,0.26,1.86
2013-01-16,4.0,111,0.14,0.26,1.84
2013-01-17,4.04,108,0.14,0.28,1.89
2013-01-18,4.01,110,0.14,0.26,1.87
2013-01-22,4.00545454545454,111,0.14,0.26,1.86
2013-01-23,4.015,111,0.13,0.26,1.86
2013-01-24,4.02333333333333,110,0.15,0.23,1.88
2013-01-25,4.16,106,0.14,0.28,1.98
2013-01-28,4.14571428571429,109,0.14,0.29,2.0
2013-01-29,4.12466666666667,112,0.12,0.3,2.03
2013-01-30,4.14,121,0.12,0.27,2.03
2013-01-31,4.093125,129,0.15,0.27,2.02
2013-02-01,4.05333333333333,126,0.14,0.27,2.04
2013-02-04,4.09,127,0.13,0.25,2.0
2013-02-05,4.10666666666667,121,0.13,0.27,2.04
2013-02-06,4.12,123,0.13,0.27,2.0
2013-02-07,4.10515151515151,124,0.13,0.25,1.99
2013-02-08,4.122,122,0.14,0.25,1.99
2013-02-12,4.13142857142857,122,0.13,0.29,2.02
2013-02-13,4.16588235294118,119,0.14,0.29,2.05
2013-02-14,4.2,122,0.14,0.27,2.0
2013-02-15,4.12230769230769,124,0.16,0.29,2.01
2013-02-19,4.13333333333333,121,0.15,0.29,2.03
2013-02-20,4.18,128,0.15,0.27,2.02
2013-02-21,4.14,131,0.16,0.26,1.99
2013-02-22,4.1525,132,0.16,0.27,1.97
2013-02-25,4.18765957446808,138,0.15,0.25,1.88
2013-02-26,4.30107142857143,139,0.14,0.25,1.88
2013-02-27,4.231875,136,0.14,0.27,1.91
2013-02-28,4.18303571428571,138,0.14,0.25,1.89
2013-03-01,4.13375,141,0.14,0.25,1.86
2013-03-04,4.1486,139,0.16,0.24,1.88
2013-03-05,4.14094339622641,132,0.15,0.25,1.9
2013-03-06,4.14784810126583,128,0.15,0.25,1.95
2013-03-07,4.15000333333334,125,0.16,0.25,2.0
2013-03-08,4.164,125,0.15,0.27,2.06
2013-03-11,4.16,127,0.16,0.27,2.07
2013-03-12,4.17862068965517,131,0.15,0.27,2.03
2013-03-13,4.14541666666667,135,0.14,0.27,2.04
2013-03-14,4.14586206896552,134,0.15,0.27,2.04
2013-03-15,4.1325,144,0.16,0.25,2.01
2013-03-18,4.11677419354839,147,0.16,0.26,1.96
2013-03-19,4.14846153846154,152,0.15,0.24,1.92
2013-03-20,4.1595,149,0.15,0.26,1.96
2013-03-21,4.15111111111111,150,0.16,0.27,1.95
2013-03-22,4.15666666666667,148,0.15,0.26,1.93
2013-03-25,4.1656,147,0.15,0.24,1.93
2013-03-26,4.14846153846154,148,0.14,0.25,1.92
2013-03-27,4.12521739130435,150,0.12,0.25,1.87
2013-04-01,4.132,148,0.16,0.23,1.86
2013-04-02,4.12105263157895,142,0.15,0.25,1.88
2013-04-03,4.12111111111111,141,0.14,0.24,1.83
2013-04-04,4.11566666666667,133,0.14,0.22,1.78
2013-04-05,4.08966101694915,136,0.15,0.24,1.72
2013-04-08,4.08,132,0.15,0.24,1.76
2013-04-09,4.08,130,0.15,0.24,1.78
2013-04-10,4.06,126,0.15,0.24,1.84
2013-04-11,4.05,125,0.15,0.24,1.82
2013-04-12,4.05,128,0.15,0.22,1.75
2013-04-15,4.03,130,0.15,0.22,1.72
2013-04-16,4.04,128,0.15,0.24,1.75
2013-04-17,4.01,129,0.15,0.24,1.73
2013-04-18,3.98,131,0.15,0.24,1.72
2013-04-19,3.94,130,0.15,0.24,1.73
2013-04-22,3.96,130,0.15,0.24,1.72
2013-04-23,3.97,129,0.14,0.23,1.74
2013-04-24,3.99,131,0.13,0.23,1.73
2013-04-25,4.07,133,0.13,0.23,1.74
2013-04-26,4.1,137,0.13,0.22,1.7
2013-04-29,4.14,135,0.13,0.2,1.7
2013-04-30,4.11,132,0.14,0.22,1.7
2013-05-02,4.1,125,0.15,0.2,1.66
2013-05-03,4.07,122,0.14,0.22,1.78
2013-05-06,4.06,122,0.14,0.22,1.8
2013-05-07,4.07,121,0.12,0.22,1.82
2013-05-08,4.03,121,0.12,0.22,1.81
2013-05-09,4.03,116,0.12,0.22,1.81
2013-05-10,4.07,112,0.12,0.26,1.9
2013-05-13,4.07,115,0.12,0.24,1.92
2013-05-14,4.05,112,0.11,0.26,1.96
2013-05-15,4.01,120,0.12,0.26,1.94
2013-05-16,3.99,131,0.11,0.23,1.87
2013-05-17,4.02,131,0.1,0.26,1.95
2013-05-20,4.07,135,0.1,0.26,1.97
2013-05-21,4.11,142,0.09,0.26,1.94
2013-05-22,4.15,134,0.08,0.26,2.03
2013-05-23,4.32,146,0.08,0.26,2.02
2013-05-24,4.38,149,0.09,0.26,2.01
2013-05-28,4.38,156,0.09,0.29,2.15
2013-05-29,4.45,165,0.08,0.3,2.13
2013-05-30,4.75,164,0.08,0.31,2.13
2013-05-31,4.81,159,0.09,0.3,2.16
2013-06-03,4.8019,161,0.1,0.3,2.13
2013-06-04,4.89,157,0.11,0.32,2.14
2013-06-05,4.97,162,0.09,0.3,2.1
2013-06-06,5.26901408450704,171,0.1,0.3,2.08
2013-06-07,4.97,162,0.09,0.32,2.17
2013-06-10,5.28,165,0.09,0.32,2.22
2013-06-11,5.36,181,0.09,0.34,2.2
2013-06-12,5.38,170,0.08,0.34,2.25
2013-06-13,5.26,162,0.09,0.32,2.19
2013-06-14,5.12,165,0.1,0.29,2.14
2013-06-17,5.14,161,0.11,0.27,2.19
2013-06-18,5.257,172,0.12,0.27,2.2
2013-06-19,5.2,182,0.1,0.31,2.33
2013-06-20,5.6,199,0.1,0.33,2.41
2013-06-21,5.73,191,0.1,0.38,2.52
2013-06-24,5.91,212,0.1,0.42,2.57
2013-06-25,5.76,211,0.09,0.43,2.6
2013-06-26,5.61641304347826,206,0.09,0.39,2.55
2013-06-27,5.55554896142433,205,0.09,0.36,2.49
2013-07-01,5.48611796982167,192,0.1,0.34,2.5
2013-07-02,5.4822430894309,186,0.1,0.34,2.48
2013-07-03,5.46886426592798,191,0.1,0.36,2.52
2013-07-05,5.52368421052632,185,0.1,0.4,2.73
2013-07-08,5.3843956043956,189,0.1,0.37,2.65
2013-07-09,5.20714285714286,189,0.1,0.37,2.65
2013-07-10,5.21166666666667,184,0.09,0.38,2.7
2013-07-11,5.18,188,0.09,0.34,2.6
2013-07-12,5.17636363636364,180,0.09,0.37,2.61
2013-07-15,5.197875,175,0.09,0.34,2.57
2013-07-16,5.24,174,0.09,0.34,2.55
2013-07-17,5.152,166,0.09,0.32,2.52
2013-07-18,5.1709756097561,157,0.09,0.32,2.56
2013-07-19,5.26,160,0.09,0.32,2.5
2013-07-22,5.19,156,0.09,0.32,2.5
2013-07-23,5.09,153,0.09,0.33,2.53
2013-07-24,5.13,157,0.09,0.34,2.61
2013-07-25,5.15,163,0.09,0.32,2.61
2013-07-26,5.16,172,0.09,0.31,2.58
2013-07-31,5.2,180,0.09,0.31,2.6
2013-08-01,5.17679190751445,179,0.08,0.35,2.74
2013-08-02,5.178,179,0.09,0.3,2.63
2013-08-05,5.14,176,0.08,0.32,2.67
2013-08-06,5.14,179,0.09,0.32,2.67
2013-08-07,5.21676445934619,183,0.09,0.32,2.61
2013-08-08,5.26,183,0.09,0.3,2.58
2013-08-09,5.2,186,0.08,0.32,2.57
2013-08-12,5.29,183,0.08,0.32,2.61
2013-08-13,5.2,177,0.08,0.34,2.71
2013-08-14,5.31,181,0.09,0.34,2.71
2013-08-15,5.4,185,0.08,0.36,2.77
2013-08-16,5.52,188,0.09,0.36,2.84
2013-08-19,5.6,193,0.09,0.36,2.88
2013-08-20,5.55,197,0.09,0.36,2.82
2013-08-21,5.75,200,0.08,0.38,2.87
2013-08-22,5.7,196,0.09,0.42,2.9
2013-08-23,5.7,199,0.08,0.4,2.82
2013-08-26,5.7,199,0.08,0.41,2.79
2013-08-27,5.83,208,0.07,0.38,2.72
2013-08-28,5.875,206,0.07,0.4,2.78
2013-08-29,5.98040816326531,208,0.08,0.39,2.75
2013-09-03,6.01,204,0.09,0.43,2.86
2013-09-04,6.01,202,0.08,0.46,2.9
2013-09-05,6.08,196,0.08,0.52,2.98
2013-09-06,6.0,192,0.08,0.46,2.94
2013-09-09,5.98,188,0.08,0.45,2.9
2013-09-10,6.02,194,0.08,0.5,2.96
2013-09-11,5.97,190,0.08,0.47,2.93
2013-09-12,5.69,191,0.08,0.45,2.92
2013-09-13,5.6,191,0.08,0.45,2.9
2013-09-16,5.39,182,0.08,0.41,2.88
2013-09-17,5.39,178,0.08,0.39,2.86
2013-09-18,5.42,174,0.08,0.34,2.69
2013-09-19,5.16,162,0.09,0.34,2.76
2013-09-20,5.12,163,0.08,0.34,2.75
2013-09-23,5.13,163,0.09,0.35,2.72
2013-09-24,5.23,166,0.09,0.35,2.67
2013-09-25,5.25,169,0.08,0.36,2.63
2013-09-26,5.3,176,0.08,0.34,2.66
2013-09-27,5.37,179,0.08,0.34,2.64
2013-09-30,5.48,184,0.06,0.33,2.64
2013-10-01,5.25,180,0.08,0.33,2.66
2013-10-02,5.36,179,0.07,0.31,2.63
2013-10-03,5.3,180,0.08,0.33,2.62
2013-10-04,5.4,177,0.08,0.33,2.66
2013-10-07,5.38,175,0.08,0.37,2.65
2013-10-09,5.78,169,0.09,0.37,2.68
2013-10-10,5.51,168,0.09,0.35,2.71
2013-10-11,5.45,166,0.1,0.35,2.7
2013-10-15,5.42,161,0.1,0.37,2.75
2013-10-16,5.36,165,0.11,0.34,2.69
2013-10-17,5.26,171,0.1,0.33,2.61
2013-10-18,5.29,168,0.1,0.33,2.6
2013-10-21,5.32,169,0.09,0.33,2.63
2013-10-22,5.24,175,0.08,0.31,2.54
2013-10-23,5.17,174,0.08,0.31,2.51
2013-10-24,5.13,175,0.08,0.33,2.53
2013-10-25,5.1,179,0.08,0.32,2.53
2013-10-28,5.07,179,0.08,0.32,2.54
2013-10-29,5.19,178,0.08,0.31,2.53
2013-10-30,5.18,174,0.08,0.33,2.55
2013-10-31,5.37,176,0.07,0.31,2.57
2013-11-04,5.37,175,0.08,0.32,2.63
2013-11-05,5.44,176,0.08,0.32,2.69
2013-11-06,5.41,177,0.08,0.3,2.67
2013-11-07,5.41,182,0.08,0.29,2.63
2013-11-08,5.56,182,0.08,0.32,2.77
2013-11-12,5.54,189,0.08,0.34,2.8
2013-11-13,5.46,189,0.08,0.32,2.75
2013-11-14,5.45,182,0.09,0.29,2.69
2013-11-15,5.44,179,0.09,0.31,2.71
2013-11-18,5.44,179,0.09,0.31,2.67
2013-11-19,5.46,179,0.09,0.29,2.71
2013-11-20,5.45,178,0.09,0.28,2.8
2013-11-21,5.5,181,0.09,0.29,2.79
2013-11-22,5.49,183,0.09,0.31,2.75
2013-11-25,5.5,190,0.09,0.3,2.74
2013-11-26,5.49,194,0.09,0.29,2.71
2013-11-27,5.47,193,0.09,0.28,2.74
2013-11-29,5.43,193,0.07,0.28,2.75
2013-12-02,5.47,193,0.09,0.3,2.81
2013-12-03,5.55,195,0.09,0.28,2.79
2013-12-04,5.58,193,0.09,0.3,2.84
2013-12-05,5.58,191,0.09,0.3,2.88
2013-12-06,5.56,188,0.09,0.3,2.88
2013-12-09,5.63,187,0.09,0.3,2.86
2013-12-10,5.66,189,0.09,0.3,2.81
2013-12-11,5.61,184,0.08,0.31,2.86
2013-12-12,5.66,177,0.09,0.34,2.89
2013-12-13,5.67,176,0.08,0.34,2.88
2013-12-16,5.71,173,0.09,0.34,2.89
2013-12-17,5.63,177,0.09,0.34,2.85
2013-12-18,5.67,171,0.09,0.32,2.89
2013-12-19,5.67,168,0.09,0.35,2.94
2013-12-20,5.66,173,0.09,0.37,2.89
2013-12-23,5.53,170,0.09,0.38,2.94
2013-12-24,5.53,163,0.08,0.38,2.99
2013-12-26,5.6,162,0.08,0.42,3.0
2013-12-27,5.54,163,0.08,0.4,3.02
2013-12-30,5.6,166,0.08,0.39,2.99
2014-01-02,5.49,165,0.08,0.39,3.0
2014-01-03,5.5,164,0.08,0.41,3.01
2014-01-06,5.55,166,0.08,0.4,2.98
2014-01-07,5.58,168,0.07,0.4,2.96
2014-01-08,5.65,166,0.07,0.43,3.01
2014-01-09,5.55,164,0.07,0.44,2.97
2014-01-10,5.52,170,0.07,0.39,2.88
2014-01-13,5.55,172,0.07,0.39,2.84
2014-01-14,5.58,167,0.07,0.39,2.88
2014-01-15,5.63,163,0.07,0.41,2.9
2014-01-16,5.62,166,0.07,0.41,2.86
2014-01-17,5.61,168,0.07,0.4,2.84
2014-01-21,5.63,169,0.07,0.4,2.85
2014-01-22,5.67,176,0.07,0.44,2.87
2014-01-23,5.6,190,0.07,0.39,2.79
2014-01-24,5.8,193,0.07,0.37,2.75
2014-01-27,5.96,193,0.07,0.37,2.78
2014-01-28,6.12,194,0.07,0.38,2.77
2014-01-29,6.21,201,0.07,0.36,2.69
2014-01-30,6.12,201,0.07,0.36,2.72
2014-01-31,6.22,202,0.07,0.34,2.67
2014-02-03,6.4,210,0.07,0.3,2.61
2014-02-04,6.37,200,0.07,0.31,2.64
2014-02-05,6.39,191,0.07,0.32,2.7
2014-02-06,6.36,188,0.07,0.33,2.73
2014-02-07,6.35,183,0.06,0.3,2.71
2014-02-10,6.38,182,0.07,0.32,2.7
2014-02-11,6.41,178,0.06,0.35,2.75
2014-02-12,6.37,174,0.07,0.35,2.8
2014-02-13,6.44,178,0.06,0.32,2.73
2014-02-14,6.5,177,0.06,0.32,2.75
2014-02-18,6.38,178,0.07,0.31,2.71
2014-02-19,6.38,178,0.07,0.33,2.73
2014-02-20,6.52,178,0.07,0.34,2.76
2014-02-21,6.68,177,0.07,0.33,2.73
2014-02-24,6.67,173,0.07,0.35,2.75
2014-02-25,6.56,178,0.07,0.34,2.7
2014-02-26,6.46,182,0.07,0.33,2.67
2014-02-27,6.34,182,0.07,0.33,2.65
2014-02-28,6.15,181,0.06,0.33,2.66
2014-03-03,6.2,184,0.07,0.32,2.6
2014-03-04,6.2,173,0.07,0.33,2.7
2014-03-05,6.183,166,0.08,0.33,2.7
2014-03-06,6.15,164,0.08,0.37,2.74
2014-03-07,6.22,163,0.08,0.38,2.8
2014-03-10,6.27,162,0.08,0.37,2.79
2014-03-11,6.24,162,0.08,0.37,2.77
2014-03-12,6.25,163,0.08,0.37,2.73
2014-03-13,6.26,168,0.08,0.34,2.66
2014-03-14,6.21,168,0.08,0.36,2.65
2014-03-17,6.2,165,0.08,0.38,2.7
2014-03-18,6.17,166,0.08,0.36,2.68
2014-03-19,6.07,164,0.08,0.47,2.78
2014-03-20,6.2,168,0.08,0.45,2.79
2014-03-21,6.14,168,0.08,0.45,2.75
2014-03-24,6.24,173,0.09,0.47,2.74
2014-03-25,6.14,168,0.09,0.47,2.75
2014-03-26,6.09,168,0.08,0.45,2.71
2014-03-27,6.02,168,0.08,0.45,2.69
2014-03-28,6.02,166,0.08,0.45,2.73
2014-03-31,5.99,165,0.06,0.44,2.73
2014-04-01,6.05,155,0.08,0.44,2.77
2014-04-02,6.06,153,0.09,0.47,2.82
2014-04-03,6.07,156,0.08,0.46,2.8
2014-04-04,6.05,156,0.08,0.43,2.74
2014-04-07,5.98,156,0.09,0.41,2.71
2014-04-08,5.91,157,0.08,0.4,2.69
2014-04-09,5.88,155,0.08,0.37,2.71
2014-04-10,5.87,154,0.08,0.37,2.65
2014-04-11,5.94,156,0.09,0.37,2.63
2014-04-14,5.94,154,0.09,0.37,2.65
2014-04-15,5.96,157,0.1,0.39,2.64
2014-04-16,6.01,156,0.09,0.39,2.65
2014-04-21,6.01,148,0.1,0.42,2.73
2014-04-22,5.64,149,0.1,0.45,2.73
2014-04-23,5.92,156,0.1,0.43,2.7
2014-04-24,5.95,155,0.1,0.43,2.7
2014-04-25,5.89,157,0.09,0.43,2.68
2014-04-28,5.99,153,0.09,0.44,2.7
2014-04-29,5.99,150,0.1,0.44,2.71
2014-04-30,5.91,149,0.09,0.42,2.67
2014-05-02,5.81,153,0.09,0.42,2.6
2014-05-05,5.82,152,0.09,0.43,2.63
2014-05-06,5.8,148,0.09,0.43,2.61
2014-05-07,5.75,146,0.08,0.41,2.62
2014-05-08,5.78,143,0.08,0.4,2.61
2014-05-09,5.76,143,0.08,0.4,2.62
2014-05-12,5.77,139,0.08,0.41,2.66
2014-05-13,5.66,140,0.09,0.39,2.61
2014-05-14,5.66,143,0.08,0.39,2.54
2014-05-15,5.64,151,0.09,0.38,2.5
2014-05-16,5.61,152,0.09,0.38,2.52
2014-05-19,5.62,149,0.09,0.36,2.54
2014-05-20,5.64,153,0.09,0.35,2.52
2014-05-21,5.59,151,0.09,0.37,2.54
2014-05-22,5.54,153,0.09,0.37,2.56
2014-05-23,5.53,153,0.09,0.37,2.54
2014-05-27,5.56,155,0.09,0.39,2.52
2014-05-28,5.48,156,0.09,0.37,2.44
2014-05-29,5.43,152,0.09,0.37,2.45
2014-05-30,5.4,150,0.08,0.37,2.48
2014-06-02,5.4,147,0.09,0.39,2.54
2014-06-03,5.41,144,0.1,0.41,2.6
2014-06-04,5.5,142,0.09,0.41,2.61
2014-06-05,5.46,141,0.09,0.4,2.59
2014-06-06,5.41,134,0.09,0.41,2.6
2014-06-09,5.38,132,0.09,0.43,2.62
2014-06-10,5.4,134,0.09,0.45,2.64
2014-06-11,5.35,141,0.09,0.44,2.65
2014-06-12,5.29,148,0.09,0.42,2.58
2014-06-13,5.3,148,0.1,0.45,2.6
2014-06-16,5.31,151,0.1,0.49,2.61
2014-06-17,5.37,149,0.1,0.51,2.66
2014-06-18,5.38,150,0.1,0.48,2.61
2014-06-19,5.32,149,0.1,0.48,2.64
2014-06-20,5.39,150,0.1,0.5,2.63
2014-06-23,5.37,147,0.1,0.48,2.63
2014-06-24,5.39,151,0.1,0.49,2.59
2014-06-25,5.38,147,0.1,0.48,2.57
2014-06-26,5.33,148,0.1,0.46,2.53
2014-06-27,5.4,150,0.1,0.45,2.54
2014-06-30,5.28,151,0.09,0.47,2.53
2014-07-01,5.26,147,0.1,0.47,2.58
2014-07-02,5.34,144,0.1,0.49,2.64
2014-07-03,5.28,136,0.09,0.52,2.65
2014-07-07,5.25,136,0.1,0.52,2.63
2014-07-08,5.24,144,0.09,0.51,2.58
2014-07-09,5.28,146,0.09,0.51,2.57
2014-07-10,5.24,147,0.09,0.46,2.55
2014-07-11,5.17,149,0.09,0.48,2.53
2014-07-14,5.12,148,0.09,0.48,2.55
2014-07-15,5.07,148,0.09,0.49,2.56
2014-07-16,5.05,148,0.09,0.5,2.55
2014-07-17,5.11,153,0.09,0.47,2.47
2014-07-18,5.12,147,0.09,0.51,2.5
2014-07-21,5.09,150,0.1,0.51,2.49
2014-07-22,5.11,147,0.09,0.49,2.48
2014-07-23,5.11,145,0.09,0.5,2.48
2014-07-24,5.12,144,0.09,0.53,2.52
2014-07-25,5.1,149,0.09,0.53,2.48
2014-07-30,5.193,149,0.09,0.56,2.57
2014-07-31,5.204,151,0.08,0.53,2.58
2014-08-01,5.21,159,0.09,0.47,2.52
2014-08-04,5.218,159,0.09,0.47,2.51
2014-08-05,5.218,164,0.09,0.47,2.49
2014-08-06,5.17,162,0.09,0.48,2.49
2014-08-07,5.18,168,0.09,0.44,2.43
2014-08-08,5.25,168,0.09,0.45,2.44
2014-08-11,5.24,167,0.09,0.47,2.44
2014-08-12,5.23,164,0.09,0.45,2.46
2014-08-13,5.21,160,0.09,0.43,2.43
2014-08-14,5.17,157,0.09,0.42,2.4
2014-08-15,5.15,161,0.09,0.42,2.34
2014-08-18,5.18,159,0.09,0.44,2.39
2014-08-19,5.14,154,0.09,0.46,2.4
2014-08-20,5.2,153,0.09,0.49,2.43
2014-08-21,5.2,151,0.09,0.49,2.41
2014-08-22,5.2,152,0.09,0.53,2.4
2014-08-25,5.19,151,0.09,0.53,2.39
2014-08-26,5.17,149,0.09,0.52,2.39
2014-08-27,5.2,148,0.09,0.51,2.37
2014-08-28,5.21,149,0.09,0.5,2.34
2014-08-29,5.22,148,0.07,0.48,2.35
2014-09-02,5.19,146,0.09,0.53,2.42
2014-09-03,5.18,145,0.09,0.52,2.41
2014-09-04,5.17,145,0.09,0.54,2.45
2014-09-05,5.16,143,0.09,0.52,2.46
2014-09-08,5.13,142,0.09,0.54,2.48
2014-09-09,5.17,144,0.09,0.56,2.5
2014-09-10,5.19,147,0.09,0.58,2.54
2014-09-11,5.2,149,0.09,0.58,2.54
2014-09-12,5.28,150,0.09,0.58,2.62
2014-09-15,5.35,156,0.09,0.58,2.6
2014-09-16,5.32,156,0.09,0.55,2.6
2014-09-17,5.32,153,0.09,0.59,2.62
2014-09-18,5.4,146,0.09,0.59,2.63
2014-09-19,5.38,145,0.09,0.59,2.59
2014-09-22,5.39,148,0.09,0.58,2.57
2014-09-23,5.46,149,0.09,0.57,2.54
2014-09-24,5.49,147,0.09,0.59,2.57
2014-09-25,5.57,154,0.09,0.56,2.52
2014-09-26,5.6,155,0.09,0.59,2.54
2014-09-29,5.64,163,0.08,0.58,2.5
2014-09-30,5.61,162,0.07,0.58,2.52
2014-10-01,5.57,166,0.09,0.53,2.42
2014-10-02,5.56,166,0.09,0.53,2.44
2014-10-03,5.54,164,0.09,0.57,2.45
2014-10-06,5.46,165,0.09,0.54,2.43
2014-10-07,5.39,170,0.09,0.52,2.36
2014-10-09,5.28,167,0.08,0.46,2.34
2014-10-10,5.34,172,0.09,0.45,2.31
2014-10-14,5.32,180,0.09,0.39,2.21
2014-10-15,5.27,182,0.09,0.34,2.15
2014-10-16,5.3,179,0.09,0.35,2.17
2014-10-17,5.25,170,0.09,0.39,2.22
2014-10-20,5.279,172,0.09,0.37,2.2
2014-10-21,5.25,171,0.09,0.38,2.23
2014-10-22,5.24,169,0.09,0.41,2.25
2014-10-23,5.35,167,0.09,0.41,2.29
2014-10-24,5.34,170,0.09,0.41,2.29
2014-10-27,5.34,171,0.09,0.41,2.27
2014-10-28,5.36,169,0.09,0.42,2.3
2014-10-29,5.35,167,0.09,0.48,2.34
2014-10-30,5.46,168,0.09,0.48,2.32
2014-10-31,5.33,169,0.07,0.5,2.35
2014-11-03,5.43,167,0.09,0.52,2.36
2014-11-04,5.47,170,0.1,0.52,2.35
2014-11-05,5.55,167,0.09,0.52,2.36
2014-11-06,5.55,165,0.09,0.54,2.39
2014-11-07,5.48,169,0.09,0.51,2.32
2014-11-10,5.46,165,0.09,0.55,2.38
2014-11-12,5.48,160,0.09,0.55,2.37
2014-11-13,5.51,162,0.09,0.53,2.35
2014-11-14,5.47,164,0.09,0.54,2.32
2014-11-17,5.43,164,0.1,0.54,2.34
2014-11-18,5.42,166,0.11,0.53,2.32
2014-11-19,5.46,163,0.1,0.54,2.36
2014-11-20,5.45,164,0.1,0.53,2.34
2014-11-21,5.43,164,0.1,0.53,2.31
2014-11-24,5.43,166,0.1,0.53,2.3
2014-11-25,5.36,165,0.1,0.51,2.27
2014-11-26,5.3,167,0.1,0.53,2.24
2014-11-28,5.311,167,0.08,0.47,2.18
2014-12-01,5.21,169,0.13,0.49,2.22
2014-12-02,5.24,162,0.12,0.55,2.28
2014-12-03,5.24,161,0.12,0.57,2.29
2014-12-04,5.26,165,0.12,0.55,2.25
2014-12-05,5.28,166,0.12,0.65,2.31
2014-12-09,5.27,183,0.12,0.64,2.22
2014-12-10,5.29,192,0.12,0.59,2.18
2014-12-11,5.4,192,0.12,0.62,2.19
2014-12-12,5.39,207,0.12,0.56,2.1
2014-12-15,5.428,215,0.11,0.6,2.12
2014-12-16,5.49,222,0.12,0.58,2.07
2014-12-17,5.41,200,0.13,0.62,2.14
2014-12-18,5.37,186,0.13,0.67,2.22
2014-12-19,5.39,184,0.13,0.67,2.17
2014-12-22,5.38,180,0.13,0.71,2.17
2014-12-23,5.39,170,0.13,0.73,2.26
2014-12-24,5.4,169,0.13,0.73,2.27
2014-12-26,5.443,177,0.13,0.73,2.25
2014-12-29,5.4,177,0.13,0.72,2.22
2014-12-30,5.433,179,0.13,0.69,2.2
2014-12-31,5.44,182,0.06,0.67,2.17
2015-01-05,5.45,196,0.12,0.68,2.04
2015-01-06,5.4,201,0.12,0.65,1.97
2015-01-07,5.41,197,0.12,0.62,1.96
2015-01-08,5.43,192,0.12,0.62,2.03
2015-01-09,5.45,194,0.12,0.59,1.98
2015-01-12,5.47,202,0.12,0.56,1.92
2015-01-13,5.465,204,0.12,0.54,1.91
2015-01-14,5.41,206,0.12,0.51,1.86
2015-01-15,5.437,212,0.12,0.44,1.77
2015-01-16,5.22,209,0.13,0.49,1.83
2015-01-20,5.19,208,0.12,0.53,1.82
2015-01-21,5.25,206,0.12,0.53,1.87
2015-01-22,5.25,200,0.12,0.53,1.9
2015-01-23,5.17,199,0.12,0.52,1.81
2015-01-26,5.19,198,0.12,0.54,1.83
2015-01-27,5.08,204,0.11,0.54,1.83
2015-01-28,5.12,210,0.12,0.5,1.73
2015-01-29,5.17,202,0.11,0.51,1.77
2015-01-30,5.15,208,0.06,0.47,1.68
2015-02-02,5.2,204,0.12,0.49,1.68
2015-02-03,5.18,195,0.12,0.52,1.79
2015-02-04,5.19,196,0.11,0.52,1.81
2015-02-05,5.23,195,0.12,0.52,1.83
2015-02-06,5.27,188,0.11,0.65,1.95
2015-02-09,5.31,187,0.12,0.65,1.96
2015-02-10,5.27,193,0.12,0.67,2.01
2015-02-11,5.25,192,0.12,0.67,2.0
2015-02-12,5.24,188,0.12,0.61,1.99
2015-02-13,5.26,183,0.12,0.66,2.02
2015-02-17,5.28,173,0.12,0.7,2.14
2015-02-18,5.36,178,0.12,0.62,2.07
2015-02-19,5.4,171,0.12,0.67,2.11
2015-02-20,5.38,168,0.12,0.67,2.13
2015-02-23,5.38,174,0.11,0.64,2.06
2015-02-24,5.36,177,0.11,0.6,1.99
2015-02-25,5.35,173,0.11,0.61,1.96
2015-02-26,5.34,169,0.11,0.66,2.03
2015-02-27,5.29,170,0.06,0.63,2.0
2015-03-02,5.31,161,0.12,0.66,2.08
2015-03-03,5.35,159,0.12,0.68,2.12
2015-03-04,5.403,164,0.11,0.66,2.12
2015-03-05,5.39,168,0.11,0.65,2.11
2015-03-06,5.39,169,0.12,0.73,2.24
2015-03-09,5.39,174,0.12,0.7,2.2
2015-03-10,5.39,185,0.12,0.7,2.14
2015-03-11,5.39,186,0.11,0.7,2.11
2015-03-12,5.5,185,0.11,0.67,2.1
2015-03-13,5.61,192,0.11,0.68,2.13
2015-03-16,5.7,198,0.12,0.66,2.1
2015-03-17,5.65,205,0.12,0.7,2.06
2015-03-18,5.63,211,0.11,0.57,1.93
2015-03-19,5.67,202,0.12,0.63,1.98
2015-03-20,5.62,200,0.12,0.6,1.93
2015-03-23,5.614,193,0.12,0.6,1.92
2015-03-24,5.61,192,0.11,0.58,1.88
2015-03-25,5.57,187,0.12,0.59,1.93
2015-03-26,5.63,182,0.11,0.61,2.01
2015-03-27,5.63,185,0.12,0.58,1.95
2015-03-30,5.57,179,0.12,0.58,1.96
2015-03-31,5.57,181,0.06,0.56,1.94
2015-04-01,5.52,183,0.12,0.55,1.87
2015-04-02,5.39,177,0.12,0.55,1.92
2015-04-03,5.561,181,0.12,0.49,1.85
2015-04-06,5.39,171,0.13,0.51,1.92
2015-04-07,5.452,177,0.12,0.52,1.89
2015-04-08,5.43,176,0.12,0.54,1.92
2015-04-09,5.45,174,0.12,0.56,1.97
2015-04-10,5.46,176,0.12,0.57,1.96
2015-04-13,5.485,177,0.13,0.54,1.94
2015-04-14,5.47,179,0.13,0.53,1.9
2015-04-15,5.5,181,0.13,0.51,1.91
2015-04-16,5.55,186,0.13,0.5,1.9
2015-04-17,5.53,190,0.13,0.51,1.87
2015-04-20,5.56,184,0.13,0.55,1.9
2015-04-21,5.59,179,0.13,0.55,1.92
2015-04-22,5.6,172,0.13,0.57,1.99
2015-04-23,5.63,174,0.13,0.55,1.96
2015-04-24,5.64,173,0.13,0.54,1.93
2015-04-27,5.65,174,0.13,0.54,1.94
2015-04-28,5.63,170,0.13,0.56,2.0
2015-04-29,5.67,168,0.13,0.56,2.06
2015-04-30,5.68,171,0.08,0.58,2.05
2015-05-04,5.8,167,0.13,0.6,2.16
2015-05-05,5.85,167,0.13,0.62,2.19
2015-05-06,5.9,162,0.13,0.65,2.25
2015-05-07,5.9,170,0.13,0.63,2.18
2015-05-08,5.84,165,0.13,0.59,2.16
2015-05-11,5.9,159,0.13,0.62,2.28
2015-05-12,5.89,164,0.13,0.61,2.28
2015-05-13,5.917,164,0.13,0.59,2.27
2015-05-14,5.921,164,0.13,0.56,2.23
2015-05-15,5.87,171,0.13,0.55,2.14
2015-05-18,5.9,162,0.13,0.58,2.23
2015-05-19,5.91,163,0.12,0.63,2.27
2015-05-20,5.94,160,0.12,0.6,2.26
2015-05-21,5.93,164,0.12,0.6,2.19
2015-05-22,5.93,164,0.13,0.64,2.21
2015-05-26,5.94,170,0.12,0.64,2.14
2015-05-27,5.93,170,0.12,0.64,2.14
2015-05-28,5.93,171,0.12,0.62,2.13
2015-05-29,5.92,174,0.08,0.61,2.12
2015-06-01,5.96,169,0.12,0.64,2.19
2015-06-02,6.02,164,0.12,0.64,2.27
2015-06-03,6.1,162,0.13,0.69,2.38
2015-06-04,6.05,169,0.13,0.66,2.31
2015-06-05,6.05,166,0.13,0.73,2.41
2015-06-08,6.09,172,0.13,0.7,2.39
2015-06-09,6.2,173,0.13,0.72,2.42
2015-06-10,6.17,177,0.13,0.75,2.5
2015-06-11,6.17,179,0.13,0.73,2.39
2015-06-12,6.14,179,0.13,0.74,2.39
2015-06-15,6.15,185,0.13,0.72,2.36
2015-06-16,6.17,191,0.14,0.71,2.32
2015-06-17,6.19,191,0.14,0.67,2.32
2015-06-18,6.2,179,0.14,0.66,2.35
2015-06-19,6.16,185,0.13,0.65,2.26
2015-06-22,6.22,176,0.13,0.68,2.37
2015-06-23,6.19,172,0.13,0.7,2.42
2015-06-24,6.28,176,0.13,0.68,2.38
2015-06-25,6.32,178,0.13,0.68,2.4
2015-06-26,6.35,172,0.13,0.72,2.49
2015-06-30,6.425,182,0.08,0.64,2.35
2015-07-01,6.46,173,0.13,0.69,2.43
2015-07-02,6.51,173,0.13,0.64,2.4
2015-07-06,6.5,187,0.13,0.6,2.3
2015-07-07,6.54,189,0.13,0.58,2.27
2015-07-08,6.53,190,0.13,0.55,2.22
2015-07-09,6.54,183,0.13,0.6,2.32
2015-07-10,6.56,174,0.13,0.65,2.42
2015-07-13,6.56,175,0.13,0.69,2.44
2015-07-14,6.51,176,0.13,0.66,2.41
2015-07-15,6.54,185,0.13,0.64,2.36
2015-07-16,6.53,185,0.14,0.67,2.36
2015-07-17,6.42,185,0.13,0.68,2.34
2015-07-20,6.4,183,0.14,0.71,2.38
2015-07-21,6.41,186,0.13,0.71,2.35
2015-07-22,6.33,190,0.13,0.75,2.33
2015-07-23,6.32,197,0.13,0.71,2.28
2015-07-24,6.37,200,0.13,0.7,2.27
2015-07-30,6.453,192,0.14,0.72,2.28
2015-07-31,6.44,196,0.08,0.67,2.2
2015-08-03,6.45,200,0.14,0.68,2.16
2015-08-04,6.43,199,0.14,0.74,2.23
2015-08-05,6.43,197,0.14,0.73,2.28
2015-08-06,6.45,203,0.14,0.71,2.23
2015-08-07,6.44,207,0.14,0.73,2.18
2015-08-10,6.473,205,0.14,0.73,2.24
2015-08-11,6.474,211,0.15,0.68,2.15
2015-08-12,6.482,210,0.15,0.67,2.14
2015-08-13,6.53,206,0.15,0.72,2.19
2015-08-14,6.57,209,0.14,0.73,2.2
2015-08-17,6.63,212,0.15,0.72,2.16
2015-08-18,6.74,215,0.15,0.74,2.2
2015-08-19,6.63,223,0.15,0.67,2.12
2015-08-20,6.67,229,0.15,0.69,2.09
2015-08-21,6.74,236,0.15,0.64,2.05
2015-08-24,6.88,247,0.15,0.59,2.01
2015-08-25,6.81,237,0.15,0.67,2.12
2015-08-26,6.98,238,0.14,0.67,2.18
2015-08-27,6.99,231,0.14,0.68,2.18
2015-08-28,7.068,227,0.14,0.72,2.19
2015-08-31,7.06,225,0.08,0.74,2.21
2015-09-01,7.17,232,0.14,0.7,2.17
2015-09-02,7.16,232,0.14,0.72,2.2
2015-09-03,7.28,234,0.14,0.71,2.18
2015-09-04,7.22,239,0.14,0.71,2.13
2015-09-08,7.29,231,0.14,0.74,2.2
2015-09-09,7.303,227,0.14,0.75,2.21
2015-09-10,7.303,226,0.14,0.75,2.23
2015-09-11,7.38,232,0.14,0.71,2.2
2015-09-14,7.34,231,0.14,0.73,2.18
2015-09-15,7.35,218,0.14,0.82,2.28
2015-09-16,7.29,216,0.14,0.82,2.3
2015-09-17,7.27,220,0.14,0.7,2.21
2015-09-18,7.08,221,0.14,0.69,2.13
2015-09-21,7.11,218,0.14,0.72,2.2
2015-09-22,7.151,232,0.14,0.69,2.14
2015-09-23,7.21,231,0.14,0.7,2.16
2015-09-24,7.21,245,0.14,0.67,2.13
2015-09-25,7.23,245,0.13,0.7,2.17
2015-09-28,7.24,261,0.13,0.67,2.1
2015-09-29,7.27,266,0.13,0.64,2.05
2015-09-30,7.17,258,0.07,0.64,2.06
2015-10-01,7.17,256,0.13,0.64,2.05
2015-10-02,7.16,249,0.13,0.58,1.99
2015-10-05,7.207,231,0.13,0.61,2.07
2015-10-06,7.15,231,0.13,0.61,2.05
2015-10-07,7.17,229,0.13,0.65,2.08
2015-10-08,7.221,224,0.13,0.65,2.12
2015-10-09,7.221,222,0.13,0.65,2.12
2015-10-13,7.17,229,0.13,0.64,2.06
2015-10-14,7.13,233,0.13,0.57,1.99
2015-10-15,7.06,226,0.13,0.61,2.04
2015-10-16,7.0,219,0.13,0.61,2.04
2015-10-19,7.221,222,0.13,0.61,2.04
2015-10-20,6.94,225,0.13,0.66,2.08
2015-10-21,6.9,225,0.13,0.64,2.04
2015-10-22,6.86,224,0.12,0.61,2.04
2015-10-23,6.76,216,0.12,0.66,2.09
2015-10-26,6.78,216,0.12,0.66,2.07
2015-10-27,6.69,221,0.12,0.65,2.05
2015-10-28,6.806,217,0.12,0.73,2.1
2015-10-29,6.75,213,0.12,0.75,2.19
2015-10-30,6.7,220,0.07,0.75,2.16
2015-11-02,6.806,214,0.12,0.77,2.2
2015-11-03,6.71,206,0.12,0.8,2.23
2015-11-04,6.79,208,0.12,0.84,2.25
2015-11-05,6.85,210,0.12,0.85,2.26
2015-11-06,6.85,209,0.12,0.9,2.34
2015-11-09,6.89,213,0.12,0.89,2.36
2015-11-10,6.83,218,0.12,0.87,2.32
2015-11-12,6.75,222,0.12,0.89,2.32
2015-11-13,6.85,226,0.12,0.86,2.28
2015-11-16,6.85,224,0.13,0.88,2.27
2015-11-17,6.61,226,0.13,0.86,2.25
2015-11-18,6.62,224,0.12,0.9,2.27
2015-11-19,6.638,223,0.12,0.91,2.24
2015-11-20,6.638,221,0.12,0.93,2.26
2015-11-23,6.49,220,0.12,0.94,2.25
2015-11-24,6.48,221,0.12,0.93,2.24
2015-11-25,6.518,223,0.12,0.93,2.23
2015-11-27,6.529,224,0.12,0.92,2.22
2015-11-30,6.5,224,0.08,0.94,2.21
2015-12-01,6.565,230,0.13,0.91,2.15
2015-12-02,6.55,228,0.13,0.94,2.18
2015-12-03,6.55,220,0.13,0.96,2.33
2015-12-04,6.55,221,0.13,0.96,2.28
2015-12-07,6.573,230,0.13,0.94,2.23
2015-12-09,6.568,233,0.14,0.93,2.22
2015-12-10,6.6,233,0.14,0.95,2.24
2015-12-11,6.52,250,0.14,0.88,2.13
2015-12-14,6.675,242,0.15,0.97,2.23
2015-12-15,6.675,236,0.15,0.98,2.28
2015-12-16,6.795,237,0.15,1.02,2.3
2015-12-17,6.79,238,0.37,1.0,2.24
2015-12-18,6.76,246,0.37,0.97,2.19
2015-12-21,6.793,246,0.36,0.96,2.2
2015-12-22,6.779,243,0.36,0.99,2.24
2015-12-23,6.79,240,0.36,1.01,2.27
2015-12-24,6.8,242,0.36,1.03,2.25
2015-12-28,6.796,244,0.36,1.05,2.24
2015-12-29,6.847,233,0.36,1.09,2.32
2015-12-30,6.95,237,0.35,1.08,2.31
2015-12-31,6.847,240,0.2,1.06,2.27
2016-01-04,7.01,244,0.36,1.02,2.24
2016-01-05,6.88,236,0.36,1.04,2.25
2016-01-06,6.9,243,0.36,0.99,2.18
2016-01-07,6.93,247,0.36,0.96,2.16
2016-01-08,7.0,254,0.36,0.94,2.13
2016-01-11,7.0,257,0.36,0.94,2.17
2016-01-12,7.054,265,0.36,0.93,2.12
2016-01-13,7.051,274,0.36,0.91,2.08
2016-01-14,7.01,268,0.36,0.9,2.1
2016-01-15,7.01,281,0.36,0.85,2.03
2016-01-19,7.056,284,0.36,0.88,2.06
2016-01-20,7.063,288,0.37,0.85,2.01
2016-01-21,7.062,283,0.37,0.84,2.02
2016-01-22,7.087,273,0.38,0.88,2.07
2016-01-25,7.1,276,0.38,0.88,2.03
2016-01-26,7.14,275,0.38,0.85,2.01
2016-01-27,7.17,270,0.38,0.84,2.02
2016-01-28,7.25,269,0.38,0.83,2.0
2016-01-29,6.58,273,0.29,0.76,1.94
2016-02-01,7.287,271,0.38,0.81,1.97
2016-02-02,7.2,285,0.38,0.75,1.87
2016-02-03,7.15,281,0.38,0.72,1.88
2016-02-04,7.07,281,0.38,0.7,1.87
2016-02-05,7.0,281,0.38,0.74,1.86
2016-02-08,7.05,298,0.38,0.66,1.75
2016-02-09,7.08,296,0.38,0.69,1.74
2016-02-10,7.11,299,0.38,0.71,1.71
2016-02-11,7.156,313,0.38,0.64,1.63
2016-02-12,7.65,296,0.38,0.71,1.74
2016-02-16,7.49,289,0.38,0.74,1.78
2016-02-17,7.51,276,0.37,0.74,1.81
2016-02-18,7.51,281,0.38,0.71,1.75
2016-02-19,7.49,277,0.38,0.76,1.76
2016-02-22,7.51,275,0.38,0.78,1.77
2016-02-23,7.48,276,0.38,0.76,1.74
2016-02-24,7.52,270,0.38,0.75,1.75
2016-02-25,7.55,268,0.37,0.72,1.71
2016-02-26,7.51,261,0.37,0.8,1.76
2016-02-29,7.46,260,0.29,0.78,1.74
2016-03-01,7.47,244,0.36,0.85,1.83
2016-03-02,7.41,240,0.37,0.85,1.84
2016-03-03,7.39,238,0.37,0.85,1.83
2016-03-04,7.31,234,0.36,0.88,1.88
2016-03-07,7.3,234,0.36,0.91,1.91
2016-03-08,7.27,238,0.36,0.88,1.83
2016-03-09,7.2,227,0.36,0.9,1.9
2016-03-10,7.18,226,0.36,0.93,1.93
2016-03-11,7.1,218,0.36,0.97,1.98
2016-03-14,7.14,223,0.36,0.97,1.97
2016-03-15,7.14,226,0.37,0.98,1.97
2016-03-16,7.11,225,0.37,0.87,1.94
2016-03-17,6.95,218,0.37,0.87,1.91
2016-03-18,6.94,215,0.37,0.84,1.88
2016-03-21,7.02,213,0.37,0.87,1.92
2016-03-22,7.062,213,0.37,0.91,1.94
2016-03-23,7.03,224,0.37,0.87,1.88
2016-03-28,7.087,228,0.37,0.89,1.89
2016-03-29,7.01,232,0.37,0.78,1.81
2016-03-30,6.95,225,0.37,0.76,1.83
2016-03-31,6.85,226,0.25,0.73,1.78
2016-04-01,6.9,224,0.37,0.76,1.79
2016-04-04,6.95,227,0.37,0.75,1.78
2016-04-05,7.05,237,0.37,0.72,1.73
2016-04-06,7.002,232,0.37,0.73,1.76
2016-04-07,7.02,240,0.37,0.7,1.7
2016-04-08,6.94,237,0.37,0.7,1.72
2016-04-11,6.57,224,0.37,0.7,1.73
2016-04-12,6.6,214,0.37,0.74,1.79
2016-04-13,6.6,210,0.37,0.75,1.77
2016-04-14,6.52,204,0.37,0.77,1.8
2016-04-15,6.53,207,0.37,0.74,1.76
2016-04-18,6.43,204,0.37,0.75,1.78
2016-04-19,6.19,200,0.37,0.77,1.79
2016-04-20,6.21,191,0.37,0.8,1.85
2016-04-21,6.23,190,0.37,0.82,1.88
2016-04-22,6.36,194,0.37,0.84,1.89
2016-04-25,6.35,194,0.37,0.85,1.91
2016-04-26,6.32,193,0.37,0.86,1.94
2016-04-27,6.23,195,0.37,0.83,1.87
2016-04-28,6.22,196,0.37,0.78,1.84
2016-04-29,6.22,198,0.3,0.77,1.83
2016-05-02,6.22,196,0.37,0.8,1.88
2016-05-03,6.29,202,0.37,0.75,1.81
2016-05-04,6.396,205,0.37,0.75,1.79
2016-05-05,6.396,206,0.37,0.72,1.76
2016-05-06,6.396,202,0.37,0.74,1.79
2016-05-09,6.27,204,0.37,0.72,1.77
2016-05-10,6.22,205,0.37,0.72,1.77
2016-05-11,6.19,205,0.37,0.74,1.73
2016-05-12,6.22,204,0.37,0.76,1.75
2016-05-13,6.19,210,0.37,0.76,1.71
2016-05-16,6.13,204,0.37,0.79,1.75
2016-05-17,6.1,205,0.37,0.82,1.76
2016-05-18,6.1,201,0.37,0.9,1.87
2016-05-19,6.124,218,0.37,0.89,1.85
2016-05-20,6.31,215,0.37,0.89,1.85
2016-05-23,6.3,219,0.37,0.91,1.84
2016-05-24,6.29,216,0.37,0.92,1.86
2016-05-25,6.32,213,0.37,0.92,1.87
2016-05-26,6.36,214,0.37,0.87,1.83
2016-05-27,6.368,209,0.37,0.9,1.85
2016-05-31,6.29,213,0.29,0.87,1.84
2016-06-01,6.33,211,0.37,0.91,1.85
2016-06-02,6.19,211,0.37,0.89,1.81
2016-06-03,6.08,212,0.37,0.78,1.71
2016-06-06,6.09,205,0.37,0.8,1.73
2016-06-07,6.04,203,0.37,0.78,1.72
2016-06-08,6.01,204,0.37,0.78,1.71
2016-06-09,6.07,207,0.37,0.77,1.68
2016-06-10,6.1,213,0.37,0.73,1.64
2016-06-13,6.08,216,0.37,0.73,1.62
2016-06-14,6.12,220,0.37,0.74,1.62
2016-06-15,6.11,216,0.37,0.69,1.6
2016-06-16,6.16,218,0.38,0.7,1.57
2016-06-17,6.09,212,0.38,0.7,1.62
2016-06-20,6.08,205,0.38,0.74,1.67
2016-06-21,6.09,202,0.38,0.76,1.71
2016-06-22,6.09,203,0.38,0.75,1.69
2016-06-23,6.04,198,0.39,0.78,1.74
2016-06-24,6.11,214,0.4,0.64,1.57
2016-06-27,6.04,225,0.41,0.61,1.46
2016-06-28,6.0,218,0.41,0.61,1.46
2016-06-29,6.106,205,0.41,0.62,1.5
2016-06-30,5.83,200,0.3,0.58,1.49
2016-07-01,5.7,193,0.41,0.59,1.46
2016-07-05,5.75,199,0.4,0.56,1.37
2016-07-06,5.77,196,0.4,0.58,1.38
2016-07-07,5.79,195,0.4,0.58,1.4
2016-07-08,5.74,191,0.4,0.61,1.37
2016-07-11,5.74,184,0.4,0.66,1.43
2016-07-12,5.759,177,0.4,0.69,1.53
2016-07-13,5.772,181,0.4,0.68,1.48
2016-07-14,5.73,177,0.4,0.68,1.53
2016-07-15,5.7,172,0.4,0.71,1.6
2016-07-18,5.753,171,0.4,0.68,1.59
2016-07-19,5.7,176,0.4,0.7,1.56
2016-07-20,5.743,173,0.4,0.73,1.59
2016-07-21,5.69,176,0.4,0.7,1.57
2016-07-22,5.71,178,0.4,0.71,1.57
2016-07-25,5.73,180,0.4,0.72,1.58
2016-07-26,5.74,185,0.4,0.75,1.57
2016-07-27,5.76,188,0.4,0.73,1.52
2016-07-28,5.752,189,0.4,0.72,1.52
2016-07-29,5.752,194,0.3,0.67,1.46
2016-08-01,5.68,191,0.4,0.67,1.51
2016-08-02,5.66,187,0.4,0.67,1.55
2016-08-03,5.752,184,0.4,0.67,1.55
2016-08-04,5.6,185,0.4,0.64,1.51
2016-08-05,5.6,174,0.4,0.72,1.59
2016-08-08,5.62,175,0.4,0.74,1.59
2016-08-09,5.65,178,0.4,0.71,1.55
2016-08-10,5.64,178,0.4,0.69,1.5
2016-08-11,5.65,170,0.4,0.76,1.57
2016-08-12,5.64,173,0.4,0.71,1.51
2016-08-15,5.6,167,0.4,0.72,1.55
2016-08-16,5.57,163,0.4,0.76,1.57
2016-08-17,5.6,163,0.4,0.74,1.56
2016-08-18,5.6,163,0.4,0.71,1.53
2016-08-19,5.58,160,0.4,0.76,1.58
2016-08-22,5.6,164,0.4,0.76,1.55
2016-08-23,5.61,163,0.4,0.74,1.55
2016-08-24,5.58,161,0.4,0.76,1.56
2016-08-25,5.63,161,0.4,0.78,1.58
2016-08-26,5.64,156,0.4,0.84,1.62
2016-08-29,5.67,161,0.4,0.81,1.57
2016-08-30,5.67,162,0.4,0.8,1.57
2016-08-31,5.79,162,0.3,0.8,1.58
2016-09-01,5.85,165,0.4,0.78,1.57
2016-09-02,5.85,160,0.4,0.8,1.6
2016-09-06,5.8,164,0.4,0.74,1.55
2016-09-07,5.67,158,0.4,0.74,1.54
2016-09-08,5.64,151,0.4,0.78,1.61
2016-09-09,5.75,159,0.4,0.79,1.67
2016-09-12,5.8,160,0.4,0.79,1.68
2016-09-13,5.82,156,0.4,0.8,1.73
2016-09-14,5.85,164,0.4,0.77,1.7
2016-09-15,5.84,169,0.4,0.74,1.71
2016-09-16,5.84,175,0.4,0.77,1.7
2016-09-19,5.87,173,0.4,0.79,1.7
2016-09-20,5.86,169,0.4,0.79,1.69
2016-09-21,5.79,160,0.4,0.79,1.66
2016-09-22,5.77,154,0.4,0.79,1.63
2016-09-23,5.819,157,0.4,0.77,1.62
2016-09-26,5.819,166,0.4,0.76,1.59
2016-09-27,5.79,168,0.4,0.75,1.56
2016-09-28,5.77,159,0.4,0.75,1.57
2016-09-29,5.69,158,0.4,0.73,1.56
2016-09-30,5.72,154,0.29,0.77,1.6
2016-10-03,5.71,152,0.4,0.8,1.63
2016-10-04,5.7,148,0.4,0.82,1.69
2016-10-05,5.68,146,0.4,0.85,1.72
2016-10-06,5.73,146,0.4,0.86,1.75
2016-10-07,5.74,145,0.4,0.83,1.73
2016-10-11,5.7,146,0.41,0.87,1.77
2016-10-12,5.71,143,0.41,0.87,1.79
2016-10-13,5.71,145,0.41,0.85,1.75
2016-10-14,5.68,144,0.41,0.84,1.8
2016-10-17,5.726,146,0.41,0.81,1.77
2016-10-18,5.75,147,0.41,0.82,1.75
2016-10-19,5.74,145,0.41,0.81,1.76
2016-10-20,5.7,144,0.41,0.84,1.76
2016-10-21,5.7,146,0.41,0.84,1.74
2016-10-24,5.89,144,0.41,0.84,1.77
2016-10-25,5.89,148,0.41,0.86,1.77
2016-10-26,5.9,147,0.41,0.86,1.79
2016-10-27,5.94,147,0.41,0.87,1.85
2016-10-28,5.942,148,0.41,0.86,1.86
2016-10-31,5.92,155,0.31,0.86,1.84
2016-11-01,5.949,161,0.41,0.83,1.83
2016-11-02,5.9,165,0.41,0.81,1.81
2016-11-03,5.89,161,0.41,0.81,1.82
2016-11-04,5.88,165,0.41,0.8,1.79
2016-11-07,5.88,157,0.41,0.82,1.83
2016-11-08,5.87,153,0.41,0.87,1.88
2016-11-09,5.91,151,0.41,0.9,2.07
2016-11-10,6.29,163,0.41,0.92,2.15
2016-11-14,6.65,182,0.41,1.0,2.23
2016-11-15,6.67,162,0.41,1.02,2.23
2016-11-16,6.64,171,0.41,1.0,2.22
2016-11-17,6.614,170,0.41,1.04,2.29
2016-11-18,6.614,168,0.41,1.07,2.34
2016-11-21,6.49,171,0.41,1.08,2.33
2016-11-22,6.43,173,0.41,1.07,2.31
2016-11-23,6.47,176,0.41,1.12,2.36
2016-11-25,6.46,176,0.41,1.12,2.36
2016-11-28,6.43,177,0.41,1.11,2.32
2016-11-29,6.43,178,0.41,1.09,2.3
2016-11-30,6.44,173,0.31,1.11,2.37
2016-12-01,6.48,172,0.41,1.14,2.45
2016-12-02,6.46,174,0.41,1.11,2.4
2016-12-05,6.43,173,0.41,1.13,2.39
2016-12-06,6.41,169,0.41,1.12,2.39
2016-12-07,6.39,166,0.41,1.1,2.34
2016-12-09,6.39,159,0.41,1.15,2.47
2016-12-12,6.38,164,0.41,1.15,2.49
2016-12-13,6.39,164,0.41,1.17,2.48
2016-12-14,6.38,161,0.41,1.27,2.54
2016-12-15,6.5,161,0.66,1.29,2.6
2016-12-16,6.5,159,0.66,1.28,2.6
2016-12-19,6.45,164,0.66,1.24,2.54
2016-12-20,6.474,161,0.66,1.25,2.57
2016-12-21,6.45,162,0.66,1.21,2.55
2016-12-22,6.46,163,0.66,1.22,2.55
2016-12-23,6.46,163,0.66,1.22,2.55
2016-12-27,6.45,160,0.66,1.28,2.57
2016-12-28,6.48,165,0.66,1.26,2.51
2016-12-29,6.49,168,0.66,1.22,2.49
2016-12-30,6.53,170,0.55,1.2,2.45
2017-01-03,6.53,171,0.66,1.22,2.45
2017-01-04,6.57,167,0.66,1.24,2.46
2017-01-05,6.5,164,0.66,1.17,2.37
2017-01-06,6.47,160,0.66,1.22,2.42
2017-01-09,6.44,163,0.66,1.21,2.38
2017-01-10,6.43,162,0.66,1.19,2.38
2017-01-11,6.41,161,0.66,1.2,2.38
2017-01-12,6.3,156,0.66,1.18,2.36
2017-01-13,6.3,151,0.66,1.21,2.4
2017-01-17,6.27,152,0.66,1.17,2.33
2017-01-18,6.34,148,0.66,1.23,2.42
2017-01-19,6.33,151,0.66,1.25,2.47
2017-01-20,6.3,152,0.66,1.2,2.48
2017-01-23,6.23,157,0.66,1.16,2.41
2017-01-24,6.24,154,0.66,1.21,2.47
2017-01-25,6.261,151,0.66,1.23,2.53
2017-01-26,6.24,156,0.66,1.21,2.51
2017-01-27,6.24,155,0.66,1.22,2.49
2017-01-30,6.2,156,0.66,1.22,2.49
2017-01-31,6.18,159,0.56,1.19,2.45
2017-02-01,6.18,154,0.66,1.22,2.48
2017-02-02,6.22,152,0.66,1.21,2.48
2017-02-03,6.25,148,0.66,1.21,2.49
2017-02-06,6.26,152,0.66,1.16,2.42
2017-02-07,6.29,155,0.66,1.16,2.4
2017-02-08,6.28,157,0.66,1.15,2.34
2017-02-09,6.27,149,0.66,1.2,2.4
2017-02-10,6.25,148,0.66,1.2,2.41
2017-02-13,6.29,146,0.66,1.2,2.43
2017-02-14,6.27,147,0.66,1.25,2.47
2017-02-15,6.26,148,0.66,1.27,2.51
2017-02-16,6.27,154,0.66,1.22,2.45
2017-02-17,6.28,155,0.66,1.21,2.42
2017-02-21,6.29,154,0.66,1.22,2.43
2017-02-22,6.26,154,0.66,1.22,2.42
2017-02-23,6.25,155,0.66,1.18,2.38
2017-02-24,6.23,158,0.66,1.12,2.31
2017-02-27,6.247,152,0.66,1.2,2.36
2017-02-28,6.26,152,0.57,1.22,2.36
2017-03-01,6.27,144,0.66,1.29,2.46
2017-03-02,6.26,143,0.66,1.32,2.49
2017-03-03,6.25,143,0.66,1.32,2.49
2017-03-06,6.23,141,0.66,1.31,2.49
2017-03-07,6.24,139,0.66,1.32,2.52
2017-03-08,6.25,141,0.66,1.36,2.57
2017-03-09,6.27,143,0.66,1.37,2.6
2017-03-10,6.26,141,0.66,1.36,2.58
2017-03-13,6.24,141,0.66,1.4,2.62
2017-03-14,6.23,143,0.66,1.4,2.6
2017-03-15,6.19,140,0.66,1.33,2.51
2017-03-16,6.09,135,0.91,1.35,2.53
2017-03-17,6.08,136,0.91,1.33,2.5
2017-03-20,6.07,138,0.91,1.3,2.47
2017-03-21,6.0,141,0.91,1.27,2.43
2017-03-22,6.0,144,0.91,1.27,2.4
2017-03-23,6.0,142,0.91,1.26,2.41
2017-03-24,5.96,141,0.91,1.26,2.4
2017-03-27,5.9,142,0.91,1.27,2.38
2017-03-28,5.85,139,0.91,1.3,2.42
2017-03-29,5.86,142,0.91,1.26,2.39
2017-03-30,5.87,140,0.91,1.28,2.42
2017-03-31,5.87,146,0.82,1.27,2.4
2017-04-03,5.87,149,0.91,1.24,2.35
2017-04-04,5.92,146,0.91,1.25,2.36
2017-04-05,5.91,147,0.91,1.24,2.34
2017-04-06,5.9,148,0.91,1.24,2.34
2017-04-07,5.78,146,0.91,1.29,2.38
2017-04-10,5.89,146,0.91,1.29,2.37
2017-04-11,5.91,152,0.91,1.24,2.32
2017-04-12,5.92,150,0.91,1.24,2.28
2017-04-17,5.88,153,0.91,1.21,2.26
2017-04-18,5.86,159,0.91,1.18,2.18
2017-04-19,5.87,155,0.91,1.19,2.21
2017-04-20,5.88,154,0.91,1.21,2.24
2017-04-21,5.87,153,0.91,1.2,2.24
2017-04-24,5.87,146,0.91,1.25,2.28
2017-04-25,5.86,143,0.91,1.29,2.35
2017-04-26,5.88,144,0.91,1.28,2.32
2017-04-27,5.84,145,0.91,1.25,2.3
2017-04-28,5.76,144,0.83,1.28,2.29
2017-05-02,5.68,143,0.91,1.27,2.29
2017-05-03,5.68,140,0.91,1.3,2.33
2017-05-04,5.7,140,0.91,1.32,2.36
2017-05-05,5.71,141,0.91,1.32,2.36
2017-05-08,5.79,138,0.91,1.33,2.39
2017-05-09,5.78,138,0.91,1.37,2.42
2017-05-10,5.74,136,0.91,1.35,2.41
2017-05-11,5.73,135,0.91,1.35,2.39
2017-05-12,5.72,139,0.91,1.29,2.33
2017-05-15,5.72,139,0.91,1.31,2.34
2017-05-16,5.69,139,0.91,1.29,2.33
2017-05-17,5.7,147,0.91,1.26,2.22
2017-05-18,5.71,148,0.91,1.27,2.23
2017-05-19,5.7,147,0.91,1.28,2.23
2017-05-22,5.72,147,0.91,1.29,2.25
2017-05-23,5.74,141,0.91,1.31,2.29
2017-05-24,5.74,137,0.91,1.29,2.26
2017-05-25,5.72,141,0.91,1.3,2.25
2017-05-26,5.71,140,0.91,1.3,2.25
2017-05-30,5.71,144,0.91,1.28,2.21
2017-05-31,5.66,145,0.83,1.28,2.21
2017-06-01,5.63,144,0.91,1.28,2.21
2017-06-02,5.6,144,0.91,1.28,2.15
2017-06-05,5.62,139,0.91,1.32,2.18
2017-06-06,5.621,139,0.91,1.3,2.14
2017-06-07,5.63,136,0.91,1.32,2.18
2017-06-08,5.61,137,0.91,1.33,2.19
2017-06-09,5.62,137,0.91,1.35,2.21
2017-06-12,5.63,137,0.91,1.35,2.21
2017-06-13,5.64,136,0.91,1.38,2.21
2017-06-14,5.58,142,0.91,1.35,2.15
2017-06-15,5.56,143,1.16,1.35,2.16
2017-06-16,5.54,145,1.16,1.32,2.16
2017-06-19,5.53,142,1.16,1.36,2.19
2017-06-20,5.53,148,1.16,1.36,2.16
2017-06-21,5.55,150,1.16,1.36,2.16
2017-06-22,5.54,151,1.16,1.34,2.15
2017-06-23,5.54,151,1.16,1.34,2.15
2017-06-26,5.54,150,1.16,1.36,2.14
2017-06-27,5.54,146,1.16,1.38,2.21
2017-06-28,5.53,146,1.16,1.34,2.22
2017-07-03,5.61,142,1.16,1.41,2.35
2017-07-05,5.69,143,1.16,1.41,2.33
2017-07-06,5.73,145,1.16,1.4,2.37
2017-07-07,5.84,144,1.16,1.4,2.39
2017-07-10,5.86,143,1.16,1.4,2.38
2017-07-11,5.8,143,1.16,1.37,2.37
2017-07-12,5.69,144,1.16,1.35,2.33
2017-07-13,5.67,141,1.16,1.37,2.35
2017-07-14,5.66,142,1.16,1.35,2.33
2017-07-17,5.64,142,1.16,1.36,2.31
2017-07-18,5.65,142,1.16,1.36,2.27
2017-07-19,5.65,141,1.16,1.37,2.27
2017-07-20,5.6,141,1.16,1.37,2.27
2017-07-21,5.58,142,1.16,1.36,2.24
2017-07-24,5.58,141,1.16,1.37,2.26
2017-07-25,5.58,139,1.16,1.4,2.33
2017-07-26,5.56,138,1.16,1.36,2.29
2017-07-31,5.52,152,1.07,1.34,2.3
2017-08-01,5.52,152,1.16,1.34,2.26
2017-08-02,5.48,152,1.16,1.36,2.27
2017-08-03,5.46,153,1.16,1.34,2.24
2017-08-04,5.46,150,1.16,1.36,2.27
2017-08-07,5.46,151,1.16,1.36,2.26
2017-08-08,5.45,149,1.16,1.36,2.29
2017-08-09,5.529,154,1.16,1.33,2.24
2017-08-10,5.47,160,1.16,1.33,2.2
2017-08-11,5.47,161,1.16,1.3,2.19
2017-08-14,5.45,156,1.16,1.33,2.22
2017-08-15,5.48,153,1.16,1.35,2.27
2017-08-16,5.49,156,1.16,1.33,2.23
2017-08-17,5.48,160,1.16,1.32,2.19
2017-08-18,5.47,160,1.16,1.33,2.19
2017-08-21,5.508,161,1.16,1.32,2.18
2017-08-22,5.46,158,1.16,1.33,2.22
2017-08-23,5.46,161,1.16,1.32,2.17
2017-08-24,5.45,156,1.16,1.33,2.19
2017-08-25,5.43,155,1.16,1.35,2.17
2017-08-28,5.41,155,1.16,1.33,2.16
2017-08-29,5.4,155,1.16,1.33,2.13
2017-08-30,5.42,153,1.16,1.33,2.15
2017-08-31,5.42,153,1.07,1.33,2.12
2017-09-01,5.45,149,1.16,1.35,2.16
2017-09-05,5.45,153,1.16,1.3,2.07
2017-09-06,5.45,151,1.16,1.3,2.1
2017-09-07,5.47,150,1.16,1.27,2.05
2017-09-08,5.45,150,1.16,1.27,2.06
2017-09-11,5.38,144,1.16,1.32,2.14
2017-09-12,5.38,143,1.16,1.33,2.17
2017-09-13,5.37,139,1.16,1.35,2.2
2017-09-14,5.39,140,1.16,1.37,2.2
2017-09-15,5.38,141,1.16,1.39,2.2
2017-09-18,5.29,139,1.16,1.4,2.23
2017-09-19,5.27,139,1.16,1.4,2.24
2017-09-20,5.26,139,1.16,1.45,2.28
2017-09-21,5.18,144,1.16,1.45,2.27
2017-09-22,5.19,143,1.16,1.46,2.26
2017-09-25,5.21,146,1.16,1.44,2.22
2017-09-26,5.24,145,1.16,1.45,2.24
2017-09-27,5.29,143,1.16,1.47,2.31
2017-09-28,5.3,142,1.16,1.45,2.31
2017-09-29,5.29,140,1.06,1.47,2.33
2017-10-02,5.3,140,1.16,1.49,2.34
2017-10-03,5.28,140,1.16,1.47,2.33
2017-10-04,5.27,140,1.16,1.47,2.33
2017-10-05,5.26,140,1.16,1.49,2.35
2017-10-06,5.29,140,1.16,1.54,2.37
2017-10-10,5.17,142,1.16,1.51,2.35
2017-10-11,5.18,142,1.16,1.51,2.35
2017-10-12,5.19,143,1.16,1.51,2.33
2017-10-13,5.19,146,1.16,1.51,2.28
2017-10-16,5.21,143,1.16,1.54,2.3
2017-10-17,5.26,144,1.16,1.54,2.3
2017-10-18,5.25,140,1.16,1.59,2.34
2017-10-19,5.22,141,1.16,1.58,2.33
2017-10-20,5.25,138,1.16,1.6,2.39
2017-10-23,5.273,137,1.16,1.58,2.38
2017-10-24,5.29,135,1.16,1.6,2.42
2017-10-25,5.29,136,1.16,1.61,2.44
2017-10-26,5.3,135,1.16,1.63,2.46
2017-10-27,5.38,136,1.16,1.59,2.42
2017-10-30,5.37,138,1.16,1.58,2.37
2017-10-31,5.37,136,1.07,1.6,2.38
2017-11-02,5.33,138,1.16,1.61,2.35
2017-11-03,5.33,140,1.16,1.63,2.34
2017-11-06,5.26,141,1.16,1.61,2.32
2017-11-07,5.24,142,1.16,1.63,2.32
2017-11-08,5.23,141,1.16,1.65,2.32
2017-11-09,5.27,141,1.16,1.63,2.33
2017-11-10,5.22,137,1.16,1.67,2.4
2017-11-13,5.23,137,1.16,1.7,2.4
2017-11-14,5.28,139,1.16,1.68,2.38
2017-11-15,5.35,144,1.16,1.68,2.33
2017-11-16,5.365,140,1.16,1.72,2.37
2017-11-17,5.34,140,1.16,1.73,2.35
2017-11-20,5.36,140,1.16,1.77,2.37
2017-11-21,5.36,140,1.16,1.77,2.36
2017-11-22,5.35,140,1.16,1.74,2.32
2017-11-24,5.31,139,1.16,1.75,2.34
2017-11-27,5.3,137,1.16,1.74,2.32
2017-11-28,5.27,135,1.16,1.75,2.34
2017-11-29,5.28,134,1.16,1.78,2.37
2017-11-30,5.28,133,1.07,1.78,2.42
2017-12-01,5.25,137,1.16,1.78,2.37
2017-12-04,5.27,135,1.16,1.8,2.37
2017-12-05,5.29,138,1.16,1.83,2.36
2017-12-06,5.26,139,1.16,1.78,2.33
2017-12-07,5.25,137,1.16,1.8,2.37
2017-12-11,5.22,136,1.16,1.82,2.39
2017-12-12,5.18,135,1.17,1.83,2.4
2017-12-13,5.16,137,1.17,1.79,2.36
2017-12-14,5.21,138,1.41,1.82,2.35
2017-12-15,5.34,144,1.41,1.84,2.35
2017-12-18,5.37,140,1.42,1.84,2.39
2017-12-19,5.27,135,1.42,1.87,2.46
2017-12-20,5.29,132,1.42,1.87,2.49
2017-12-21,5.33,135,1.42,1.89,2.48
2017-12-22,5.27,131,1.42,1.91,2.48
2017-12-26,5.24,132,1.42,1.92,2.47
2017-12-27,5.19,136,1.42,1.89,2.42
2017-12-28,5.17,135,1.42,1.91,2.43
2017-12-29,5.18,136,1.33,1.89,2.4
2018-01-03,5.13,131,1.42,1.94,2.44
2018-01-04,4.98,129,1.42,1.96,2.46
2018-01-05,4.92,125,1.42,1.96,2.47
2018-01-08,4.97,123,1.42,1.96,2.49
2018-01-09,5.01,118,1.42,1.98,2.55
2018-01-10,5.04,121,1.42,1.98,2.55
2018-01-11,4.94,121,1.42,1.98,2.54
2018-01-12,4.81,121,1.42,1.99,2.55
2018-01-16,4.7,121,1.42,2.03,2.54
2018-01-17,4.75,122,1.42,2.05,2.57
2018-01-18,4.72,119,1.42,2.05,2.62
2018-01-19,4.71,120,1.42,2.06,2.64
2018-01-22,4.74,118,1.42,2.08,2.66
2018-01-23,4.73,120,1.42,2.06,2.63
2018-01-24,4.72,120,1.42,2.08,2.65
2018-01-25,4.71,122,1.42,2.08,2.63
2018-01-26,4.72,119,1.42,2.13,2.66
2018-01-29,4.74,119,1.42,2.11,2.7
2018-01-30,4.72,120,1.42,2.13,2.73
2018-01-31,4.7,119,1.34,2.14,2.72
2018-02-01,4.67,119,1.42,2.16,2.78
2018-02-02,4.68,119,1.42,2.15,2.84
2018-02-05,4.7,131,1.42,2.08,2.77
2018-02-06,4.72,126,1.42,2.1,2.79
2018-02-07,4.71,119,1.42,2.15,2.84
2018-02-08,4.75,126,1.42,2.13,2.85
2018-02-09,4.82,138,1.42,2.05,2.83
2018-02-12,4.8,137,1.42,2.09,2.86
2018-02-13,4.8,142,1.42,2.1,2.83
2018-02-14,4.8,142,1.42,2.17,2.91
2018-02-15,4.81,136,1.42,2.19,2.9
2018-02-16,4.81,133,1.42,2.21,2.87
2018-02-20,4.85,134,1.42,2.25,2.88
2018-02-21,4.84,133,1.42,2.26,2.94
2018-02-22,4.86,136,1.42,2.25,2.92
2018-02-23,4.86,137,1.42,2.25,2.88
2018-02-26,4.87,134,1.42,2.22,2.86
2018-02-27,4.84,131,1.42,2.27,2.9
2018-02-28,4.83,137,1.35,2.25,2.87
2018-03-01,4.81,146,1.42,2.22,2.81
2018-03-02,4.8,143,1.42,2.25,2.86
2018-03-05,4.79,139,1.42,2.24,2.88
2018-03-06,4.78,138,1.42,2.25,2.88
2018-03-07,4.8,139,1.42,2.25,2.89
2018-03-08,4.8,142,1.42,2.25,2.86
2018-03-09,4.8,139,1.42,2.27,2.9
2018-03-12,4.84,140,1.42,2.27,2.87
2018-03-13,4.89,143,1.42,2.26,2.84
2018-03-14,4.86,146,1.42,2.26,2.81
2018-03-15,4.92,147,1.43,2.29,2.82
2018-03-16,4.98,146,1.43,2.31,2.85
2018-03-19,4.96,150,1.43,2.31,2.85
2018-03-20,4.9,149,1.44,2.34,2.89
2018-03-21,4.89,147,1.44,2.31,2.89
2018-03-22,4.79,151,1.68,2.29,2.83
2018-03-23,4.81,156,1.68,2.28,2.82
2018-03-26,4.84,153,1.68,2.33,2.85
2018-03-27,4.83,154,1.68,2.26,2.78
2018-03-28,4.81,155,1.68,2.28,2.77
2018-04-02,4.83,155,1.68,2.25,2.73
2018-04-03,4.82,149,1.69,2.28,2.79
2018-04-04,4.83,147,1.69,2.28,2.79
2018-04-05,4.82,142,1.69,2.3,2.83
2018-04-06,4.884,146,1.69,2.27,2.77
2018-04-09,4.91,147,1.69,2.29,2.78
2018-04-10,4.93,147,1.69,2.32,2.8
2018-04-11,4.98,146,1.69,2.32,2.79
2018-04-12,4.98,143,1.69,2.34,2.83
2018-04-16,5.01,143,1.69,2.39,2.83
2018-04-17,5.05,145,1.69,2.41,2.82
2018-04-18,5.15,141,1.69,2.42,2.87
2018-04-19,5.07,143,1.69,2.44,2.92
2018-04-20,5.07,141,1.7,2.46,2.96
2018-04-23,5.1,141,1.7,2.49,2.98
2018-04-24,5.17,141,1.7,2.48,3.0
2018-04-25,5.23,142,1.7,2.49,3.03
2018-04-26,5.23,146,1.7,2.49,3.0
2018-04-27,5.22,150,1.7,2.49,2.96
2018-04-30,5.2,152,1.69,2.49,2.95
2018-05-02,5.21,158,1.7,2.49,2.97
2018-05-03,5.22,163,1.7,2.49,2.94
2018-05-04,5.25,158,1.7,2.51,2.95
2018-05-07,5.29,157,1.7,2.49,2.95
2018-05-08,5.35,161,1.7,2.51,2.97
2018-05-09,5.38,158,1.7,2.54,3.0
2018-05-10,5.31,151,1.7,2.54,2.97
2018-05-11,5.27,151,1.7,2.54,2.97
2018-05-14,5.24,150,1.7,2.55,3.0
2018-05-15,5.32,151,1.7,2.58,3.08
2018-05-16,5.36,149,1.7,2.58,3.09
2018-05-17,5.51,152,1.7,2.57,3.11
2018-05-18,5.63,160,1.7,2.55,3.06
2018-05-21,5.79,160,1.7,2.58,3.06
2018-05-22,5.72,155,1.7,2.59,3.06
2018-05-23,5.67,157,1.7,2.53,3.01
2018-05-24,5.63,157,1.7,2.5,2.98
2018-05-25,5.64,160,1.7,2.48,2.93
2018-05-29,5.67,173,1.7,2.32,2.77
2018-05-30,5.65,166,1.7,2.42,2.84
2018-05-31,5.65,168,1.7,2.4,2.83
2018-06-01,5.69,162,1.7,2.47,2.89
2018-06-04,5.66,157,1.7,2.52,2.94
2018-06-05,5.64,159,1.7,2.49,2.92
2018-06-06,5.6,158,1.7,2.52,2.97
2018-06-07,5.63,163,1.7,2.5,2.93
2018-06-08,5.64,164,1.7,2.5,2.93
2018-06-11,5.62,163,1.7,2.52,2.96
2018-06-12,5.65,164,1.7,2.54,2.96
2018-06-13,5.65,161,1.7,2.59,2.98
2018-06-14,5.65,164,1.9,2.59,2.94
2018-06-15,5.72,163,1.9,2.55,2.93
2018-06-18,5.76,164,1.9,2.56,2.92
2018-06-19,5.74,168,1.91,2.54,2.89
2018-06-20,5.75,164,1.92,2.56,2.93
2018-06-21,5.71,164,1.92,2.56,2.9
2018-06-22,5.68,162,1.92,2.56,2.9
2018-06-25,5.68,164,1.92,2.54,2.87
2018-06-26,5.64,163,1.92,2.53,2.88
2018-06-27,5.58,169,1.91,2.52,2.83
2018-06-28,5.562,168,1.91,2.52,2.84
2018-07-02,5.58,166,1.91,2.57,2.87
2018-07-03,5.54,166,1.91,2.53,2.83
2018-07-05,5.54,164,1.91,2.55,2.84
2018-07-06,5.525,161,1.91,2.53,2.82
2018-07-09,5.47,153,1.91,2.57,2.86
2018-07-10,5.44,149,1.91,2.59,2.87
2018-07-11,5.47,154,1.91,2.58,2.85
2018-07-12,5.48,152,1.91,2.6,2.85
2018-07-13,5.46,151,1.91,2.59,2.83
2018-07-16,5.47,149,1.91,2.59,2.85
2018-07-17,5.47,148,1.91,2.62,2.86
2018-07-18,5.46,145,1.91,2.6,2.88
2018-07-19,5.5,150,1.91,2.6,2.84
2018-07-20,5.51,147,1.91,2.6,2.89
2018-07-23,5.51,146,1.91,2.64,2.96
2018-07-24,5.48,147,1.91,2.63,2.95
2018-07-25,5.44,145,1.91,2.66,2.94
2018-07-26,5.43,139,1.91,2.69,2.98
2018-07-30,5.43,140,1.91,2.66,2.98
2018-07-31,5.43,143,1.91,2.67,2.96
2018-08-01,5.42,141,1.91,2.67,3.0
2018-08-02,5.39,143,1.91,2.66,2.98
2018-08-03,5.35,143,1.91,2.63,2.95
2018-08-06,5.34,145,1.91,2.64,2.94
2018-08-07,5.36,143,1.91,2.68,2.98
2018-08-08,5.37,147,1.91,2.68,2.96
2018-08-09,5.38,150,1.91,2.64,2.93
2018-08-10,5.4,158,1.91,2.61,2.87
2018-08-13,5.43,157,1.91,2.61,2.88
2018-08-14,5.43,153,1.91,2.63,2.89
2018-08-15,5.48,157,1.91,2.61,2.86
2018-08-16,5.49,154,1.92,2.63,2.87
2018-08-17,5.54,152,1.92,2.61,2.87
2018-08-20,5.5,154,1.92,2.6,2.82
2018-08-21,5.47,151,1.92,2.61,2.85
2018-08-22,5.43,152,1.92,2.6,2.82
2018-08-23,5.44,153,1.92,2.61,2.82
2018-08-24,5.42,152,1.92,2.63,2.82
2018-08-27,5.41,148,1.92,2.67,2.85
2018-08-28,5.43,143,1.92,2.67,2.88
2018-08-29,5.45,144,1.92,2.67,2.89
2018-09-04,5.44,146,1.92,2.66,2.9
2018-09-05,5.42,145,1.92,2.66,2.9
2018-09-06,5.46,146,1.92,2.64,2.88
2018-09-07,5.48,143,1.92,2.71,2.94
2018-09-10,5.48,147,1.92,2.73,2.94
2018-09-11,5.5,145,1.92,2.76,2.98
2018-09-12,5.5,144,1.92,2.74,2.97
2018-09-13,5.5,141,1.92,2.76,2.97
2018-09-14,5.48,139,1.92,2.78,2.99
2018-09-17,5.5,139,1.92,2.78,2.99
2018-09-18,5.51,137,1.92,2.81,3.05
2018-09-19,5.51,136,1.92,2.81,3.08
2018-09-20,5.54,137,1.92,2.81,3.07
2018-09-21,5.55,134,1.92,2.81,3.07
2018-09-24,5.6,135,1.93,2.83,3.08
2018-09-25,5.62,134,1.93,2.83,3.1
2018-09-26,5.62,136,1.93,2.83,3.06
2018-09-27,5.61,134,2.18,2.83,3.06
2018-09-28,5.6,133,2.18,2.81,3.05
2018-10-01,5.58,132,2.18,2.82,3.09
2018-10-02,5.57,134,2.18,2.82,3.05
2018-10-03,5.62,126,2.18,2.85,3.15
2018-10-04,5.68,130,2.18,2.87,3.19
2018-10-05,5.68,129,2.18,2.88,3.23
2018-10-09,5.67,135,2.18,2.88,3.21
2018-10-10,5.7,136,2.18,2.88,3.22
2018-10-11,5.73,147,2.18,2.85,3.14
2018-10-12,5.75,144,2.18,2.85,3.15
2018-10-15,5.76,142,2.18,2.85,3.16
2018-10-16,5.7,142,2.18,2.87,3.16
2018-10-17,5.7,139,2.19,2.89,3.19
2018-10-18,5.74,145,2.19,2.87,3.17
2018-10-19,5.72,147,2.19,2.92,3.2
2018-10-22,5.74,149,2.19,2.92,3.2
2018-10-23,5.77,150,2.2,2.89,3.17
2018-10-24,5.8,154,2.2,2.84,3.1
2018-10-25,5.79,152,2.2,2.86,3.14
2018-10-26,5.78,156,2.2,2.81,3.08
2018-10-29,5.83,157,2.2,2.81,3.08
2018-10-30,5.9,155,2.2,2.84,3.12
2018-10-31,5.89,152,2.2,2.87,3.15
2018-11-05,5.83,147,2.2,2.91,3.2
2018-11-06,5.81,147,2.2,2.93,3.22
2018-11-07,5.78,146,2.2,2.96,3.22
2018-11-08,5.78,146,2.2,2.98,3.24
2018-11-09,5.78,149,2.19,2.94,3.19
2018-11-13,5.82,154,2.2,2.89,3.14
2018-11-14,5.8,156,2.2,2.86,3.12
2018-11-15,5.79,157,2.2,2.86,3.11
2018-11-16,5.76,160,2.2,2.81,3.08
2018-11-19,5.72,164,2.2,2.79,3.06
2018-11-20,5.72,167,2.2,2.79,3.06
2018-11-21,5.66,164,2.2,2.81,3.06
2018-11-23,5.62,165,2.2,2.81,3.05
2018-11-26,5.64,163,2.2,2.84,3.07
2018-11-27,5.63,168,2.2,2.83,3.06
2018-11-28,5.6,163,2.2,2.81,3.06
2018-11-29,5.69,161,2.2,2.81,3.03
2018-11-30,5.67,162,2.2,2.8,3.01
2018-12-03,5.67,162,2.19,2.83,2.98
2018-12-04,5.75,170,2.2,2.8,2.91
2018-12-06,5.75,172,2.2,2.75,2.87
2018-12-07,5.78,169,2.19,2.72,2.85
2018-12-10,5.84,168,2.2,2.72,2.85
2018-12-11,5.83,163,2.19,2.78,2.89
2018-12-12,5.823,157,2.19,2.77,2.91
2018-12-13,5.848,155,2.19,2.75,2.91
2018-12-14,5.838,155,2.19,2.73,2.89
2018-12-17,5.79,156,2.2,2.7,2.86
2018-12-18,5.76,159,2.2,2.65,2.82
2018-12-19,5.77,165,2.2,2.63,2.77
2018-12-20,5.71,162,2.4,2.67,2.79
2018-12-21,5.69,161,2.4,2.63,2.79
2018-12-26,5.66,161,2.4,2.61,2.81
2018-12-27,5.62,163,2.4,2.56,2.77
2018-12-28,5.65,164,2.4,2.52,2.72
2018-12-31,5.61,168,2.4,2.48,2.69
2019-01-02,5.62,171,2.4,2.5,2.66
2019-01-03,5.62,177,2.4,2.39,2.56
2019-01-04,5.61,164,2.4,2.5,2.67
2019-01-07,5.61,157,2.4,2.53,2.7
2019-01-08,5.6,155,2.4,2.58,2.73
2019-01-09,5.56,150,2.4,2.56,2.74
2019-01-10,5.55,149,2.4,2.56,2.74
2019-01-11,5.55,151,2.4,2.55,2.71
2019-01-14,5.57,151,2.4,2.53,2.71
2019-01-15,5.57,151,2.4,2.53,2.72
2019-01-16,5.59,150,2.4,2.55,2.73
2019-01-17,5.6,151,2.4,2.56,2.75
2019-01-18,5.57,147,2.4,2.62,2.79
2019-01-22,5.58,149,2.4,2.58,2.74
2019-01-23,5.61,147,2.4,2.58,2.76
2019-01-24,5.64,148,2.4,2.56,2.72
2019-01-25,5.6,143,2.4,2.6,2.76
2019-01-28,5.6,143,2.4,2.6,2.75
2019-01-29,5.6,146,2.4,2.56,2.72
2019-01-30,5.62,145,2.4,2.52,2.7
2019-01-31,5.48,145,2.4,2.45,2.63
2019-02-01,5.5,137,2.4,2.52,2.7
2019-02-04,5.49,134,2.4,2.53,2.73
2019-02-05,5.47,133,2.4,2.53,2.71
2019-02-06,5.47,136,2.4,2.52,2.7
2019-02-07,5.47,142,2.4,2.48,2.65
2019-02-08,5.47,145,2.4,2.45,2.63
2019-02-11,5.48,144,2.4,2.48,2.65
2019-02-12,5.51,142,2.4,2.5,2.68
2019-02-13,5.54,139,2.4,2.53,2.71
2019-02-14,5.54,142,2.4,2.5,2.66
2019-02-15,5.51,143,2.4,2.52,2.66
2019-02-19,5.5,142,2.4,2.5,2.65
2019-02-20,5.5,142,2.4,2.5,2.65
2019-02-21,5.52,140,2.4,2.53,2.69
2019-02-22,5.48,141,2.4,2.48,2.65
2019-02-25,5.48,140,2.4,2.51,2.67
2019-02-26,5.5,140,2.4,2.48,2.64
2019-02-27,5.48,134,2.4,2.5,2.69
2019-02-28,5.48,131,2.4,2.52,2.73
2019-03-01,5.49,130,2.4,2.55,2.76
2019-03-04,5.47,133,2.4,2.55,2.72
2019-03-05,5.46,134,2.4,2.55,2.72
2019-03-06,5.46,134,2.4,2.52,2.69
2019-03-07,5.43,137,2.4,2.47,2.64
2019-03-08,5.41,140,2.4,2.45,2.62
2019-03-11,5.39,137,2.4,2.47,2.64
2019-03-12,5.3,139,2.4,2.45,2.61
2019-03-13,5.29,138,2.4,2.45,2.61
2019-03-14,5.26,135,2.4,2.46,2.63
2019-03-15,5.2,138,2.4,2.43,2.59
2019-03-18,5.24,135,2.4,2.45,2.6
2019-03-19,5.25,131,2.4,2.46,2.61
2019-03-20,5.26,137,2.41,2.4,2.54
2019-03-21,5.16,134,2.41,2.41,2.54
2019-03-22,5.19,139,2.41,2.31,2.44
2019-03-25,5.18,142,2.4,2.26,2.43
2019-03-26,5.19,138,2.4,2.24,2.41
2019-03-27,5.174,136,2.41,2.22,2.39
2019-03-28,5.24,132,2.41,2.23,2.39
2019-03-29,5.24,130,2.43,2.27,2.41
2019-04-01,5.21,126,2.41,2.33,2.49
2019-04-02,5.21,126,2.41,2.3,2.48
2019-04-03,5.2,123,2.41,2.33,2.52
2019-04-04,5.18,122,2.41,2.33,2.51
2019-04-05,5.18,122,2.41,2.35,2.5
2019-04-08,5.17,121,2.41,2.36,2.52
2019-04-09,5.176,122,2.41,2.35,2.51
2019-04-10,5.177,125,2.41,2.31,2.48
2019-04-11,5.203,123,2.41,2.35,2.51
2019-04-12,5.27,120,2.41,2.4,2.56
2019-04-15,5.26,121,2.41,2.4,2.55
2019-04-16,5.29,118,2.41,2.41,2.6
2019-04-17,5.27,119,2.42,2.4,2.59
2019-04-22,5.26,119,2.44,2.38,2.59
2019-04-23,5.22,120,2.44,2.36,2.57
2019-04-24,5.26,125,2.44,2.32,2.53
2019-04-25,5.26,125,2.44,2.33,2.54
2019-04-26,5.21,125,2.44,2.28,2.51
2019-04-29,5.17,122,2.45,2.3,2.54
2019-04-30,5.14,126,2.45,2.27,2.51
2019-05-02,5.18,125,2.41,2.35,2.55
2019-05-03,5.16,125,2.4,2.33,2.54
2019-05-06,5.18,127,2.4,2.31,2.51
2019-05-07,5.21,131,2.4,2.28,2.45
2019-05-08,5.21,128,2.39,2.3,2.49
2019-05-09,5.24,133,2.38,2.26,2.45
2019-05-10,5.2,132,2.38,2.26,2.47
2019-05-13,5.23,138,2.38,2.18,2.4
2019-05-14,5.19,136,2.38,2.2,2.42
2019-05-15,5.16,140,2.4,2.16,2.37
2019-05-16,5.16,137,2.39,2.2,2.4
2019-05-17,5.15,139,2.39,2.2,2.39
2019-05-20,5.13,136,2.39,2.21,2.41
2019-05-21,5.1147,133,2.39,2.26,2.43
2019-05-22,5.126,135,2.38,2.23,2.39
2019-05-23,5.1109,143,2.38,2.12,2.31
2019-05-24,5.0727,141,2.38,2.16,2.32
2019-05-28,5.0177,143,2.39,2.12,2.26
2019-05-29,5.0094,141,2.39,2.09,2.25
2019-05-30,5.0436,143,2.39,2.06,2.22
2019-05-31,5.053,148,2.4,1.95,2.14
2019-06-03,5.0715,151,2.38,1.82,2.07
2019-06-04,5.0259,141,2.38,1.88,2.12
2019-06-05,5.0599,137,2.38,1.83,2.12
2019-06-06,5.0064,134,2.37,1.88,2.12
2019-06-07,4.9539,135,2.37,1.85,2.09
2019-06-10,5.0136,128,2.37,1.9,2.15
2019-06-11,4.944,128,2.37,1.93,2.15
2019-06-12,4.8562,127,2.37,1.88,2.13
2019-06-13,4.8243,131,2.37,1.83,2.1
2019-06-14,4.7111,128,2.36,1.84,2.09
2019-06-17,4.7591,129,2.38,1.86,2.09
2019-06-18,4.717,126,2.37,1.86,2.06
2019-06-19,4.7315,127,2.37,1.74,2.03
2019-06-20,4.5651,124,2.37,1.72,2.01
2019-06-21,4.6098,118,2.38,1.77,2.07
2019-06-24,4.6191,122,2.38,1.72,2.02
2019-06-25,4.6305,125,2.38,1.71,2.0
2019-06-26,4.7199,123,2.38,1.77,2.05
2019-06-27,4.768,125,2.38,1.74,2.01
2019-06-28,4.757,124,2.4,1.75,2.0
2019-07-01,4.6586,120,2.39,1.78,2.03
2019-07-02,4.6212,122,2.4,1.77,1.98
2019-07-03,4.548,123,2.41,1.77,1.96
2019-07-05,4.5464,118,2.42,1.87,2.04
2019-07-08,4.5267,117,2.41,1.88,2.05
2019-07-09,4.5409,114,2.41,1.92,2.07
2019-07-10,4.5391,112,2.41,1.82,2.07
2019-07-11,4.5631,109,2.4,1.85,2.13
2019-07-12,4.5381,110,2.38,1.84,2.12
2019-07-15,4.459,113,2.4,1.83,2.09
2019-07-16,4.4361,112,2.41,1.87,2.13
2019-07-17,4.3717,118,2.41,1.83,2.06
2019-07-18,4.2933,120,2.41,1.77,2.04
2019-07-19,4.2351,119,2.41,1.8,2.05
2019-07-22,4.2479,118,2.4,1.8,2.05
2019-07-23,4.2804,115,2.4,1.83,2.08
2019-07-24,4.3298,116,2.4,1.83,2.05
2019-07-25,4.28,113,2.4,1.86,2.08
2019-07-26,4.2772,113,2.4,1.86,2.08
2019-07-31,4.412,117,2.4,1.89,2.02
2019-08-01,4.4122,128,2.14,1.73,1.9
2019-08-02,4.4359,125,2.14,1.72,1.86
2019-08-05,4.4829,131,2.13,1.59,1.75
2019-08-06,4.3771,131,2.13,1.6,1.73
2019-08-07,4.3376,127,2.12,1.59,1.71
2019-08-08,4.319,125,2.12,1.62,1.72
2019-08-09,4.2042,122,2.12,1.63,1.74
2019-08-12,4.1177,132,2.12,1.58,1.65
2019-08-13,4.1136,127,2.12,1.66,1.68
2019-08-14,4.1078,130,2.12,1.58,1.59
2019-08-15,4.1433,135,2.13,1.48,1.52
2019-08-16,4.0993,131,2.13,1.48,1.55
2019-08-19,4.175,125,2.13,1.53,1.6
2019-08-20,4.172,129,2.13,1.5,1.55
2019-08-21,4.173,125,2.12,1.56,1.59
2019-08-22,4.173,121,2.12,1.61,1.62
2019-08-23,4.163,127,2.12,1.51,1.52
2019-08-26,4.199,125,2.12,1.54,1.54
2019-08-27,4.196,129,2.12,1.53,1.49
2019-08-28,4.1781,127,2.12,1.5,1.47
2019-09-03,4.1641,121,2.13,1.47,1.47
2019-09-04,4.0927,120,2.13,1.43,1.47
2019-09-05,4.0808,113,2.13,1.55,1.57
2019-09-06,4.0455,116,2.12,1.53,1.55
2019-09-09,4.064,112,2.13,1.58,1.63
2019-09-10,4.0758,109,2.13,1.67,1.72
2019-09-11,4.0462,110,2.13,1.68,1.75
2019-09-12,4.0534,104,2.13,1.72,1.79
2019-09-13,4.0914,107,2.14,1.79,1.9
2019-09-16,4.1539,112,2.25,1.74,1.84
2019-09-17,4.1607,115,2.3,1.72,1.81
2019-09-18,4.1786,112,2.25,1.77,1.8
2019-09-19,4.215,113,1.9,1.74,1.79
2019-09-20,4.2102,115,1.9,1.69,1.74
2019-09-23,4.1889,117,1.9,1.68,1.72
2019-09-24,4.1725,124,1.9,1.6,1.64
2019-09-25,4.2104,121,1.9,1.68,1.73
2019-09-26,4.25,124,1.85,1.66,1.7
2019-09-27,4.2955,130,1.83,1.63,1.69
2019-09-30,4.2467,131,1.9,1.63,1.68
2019-10-01,4.1848,139,1.88,1.56,1.65
2019-10-02,4.2168,143,1.85,1.48,1.6
2019-10-03,4.1607,140,1.83,1.39,1.54
2019-10-04,4.1236,134,1.82,1.4,1.52
2019-10-07,4.0653,128,1.82,1.46,1.56
2019-10-09,4.022,129,1.82,1.47,1.59
2019-10-10,3.9285,125,1.82,1.53,1.67
2019-10-11,4.0036,122,1.82,1.63,1.76
2019-10-15,4.0367,123,1.9,1.61,1.77
2019-10-16,3.9359,125,1.9,1.58,1.75
2019-10-17,3.9246,126,1.85,1.6,1.76
2019-10-18,3.9505,125,1.85,1.58,1.76
2019-10-21,4.0133,121,1.85,1.62,1.8
2019-10-22,4.0579,123,1.85,1.6,1.78
2019-10-23,4.0929,123,1.85,1.58,1.77
2019-10-24,4.0996,123,1.85,1.58,1.77
2019-10-25,4.1385,120,1.83,1.63,1.8
2019-10-28,4.1865,118,1.83,1.64,1.85
2019-10-29,4.1932,121,1.82,1.64,1.84
2019-10-30,4.2505,128,1.82,1.61,1.78
2019-11-04,4.1575,125,1.56,1.6,1.79
2019-11-05,4.1942,124,1.56,1.63,1.86
2019-11-06,4.2193,127,1.55,1.61,1.81
2019-11-07,4.2653,123,1.55,1.68,1.92
2019-11-08,4.1937,121,1.55,1.68,1.94
2019-11-12,4.2601,124,1.55,1.66,1.92
2019-11-13,4.3977,126,1.55,1.63,1.88
2019-11-14,4.3578,128,1.55,1.58,1.82
2019-11-15,4.2562,125,1.55,1.61,1.84
2019-11-18,4.2696,127,1.55,1.6,1.81
2019-11-19,4.2219,131,1.55,1.6,1.79
2019-11-20,4.2307,134,1.55,1.56,1.73
2019-11-21,4.2183,131,1.55,1.6,1.77
2019-11-22,4.233,129,1.55,1.61,1.77
2019-11-25,4.2008,129,1.55,1.61,1.76
2019-11-26,4.1846,131,1.55,1.58,1.74
2019-11-27,4.239,126,1.55,1.63,1.77
2019-11-29,4.2664,126,1.56,1.61,1.78
2019-12-02,4.2678,125,1.56,1.61,1.83
2019-12-03,4.2349,136,1.55,1.53,1.72
2019-12-04,4.2119,128,1.55,1.58,1.77
2019-12-05,4.2549,127,1.55,1.58,1.8
2019-12-06,4.2664,124,1.55,1.61,1.84
2019-12-09,4.2305,123,1.55,1.63,1.83
2019-12-10,4.1934,122,1.55,1.65,1.85
2019-12-11,4.1911,125,1.55,1.61,1.79
2019-12-12,4.2121,114,1.55,1.66,1.9
2019-12-13,4.1787,118,1.55,1.61,1.82
2019-12-16,4.149,110,1.56,1.65,1.89
2019-12-17,4.177,109,1.55,1.63,1.89
2019-12-18,4.1959,105,1.55,1.63,1.92
2019-12-19,4.6092,108,1.55,1.62,1.92
2019-12-20,4.5875,109,1.55,1.63,1.92
2019-12-23,4.5838,108,1.55,1.64,1.93
2019-12-24,4.557,110,1.55,1.62,1.9
2019-12-26,4.553,110,1.55,1.64,1.9
2019-12-27,4.5644,112,1.55,1.59,1.88
2019-12-30,4.6208,110,1.55,1.58,1.9
2019-12-31,4.6354,107,1.55,1.58,1.92
2020-01-02,4.5598,110,1.55,1.58,1.88
2020-01-03,4.5722,116,1.55,1.53,1.8
2020-01-06,4.5512,113,1.55,1.54,1.81
2020-01-07,4.5319,112,1.55,1.54,1.83
2020-01-08,4.5657,107,1.55,1.58,1.87
2020-01-09,4.5686,111,1.55,1.58,1.85
2020-01-10,4.5471,112,1.54,1.56,1.83
2020-01-13,4.5552,110,1.54,1.58,1.85
2020-01-14,4.5688,112,1.54,1.58,1.82
2020-01-15,4.5623,113,1.54,1.56,1.79
2020-01-16,4.5617,110,1.54,1.58,1.81
2020-01-17,4.5307,107,1.55,1.58,1.84
2020-01-21,4.4729,112,1.55,1.53,1.78
2020-01-22,4.4761,112,1.55,1.53,1.77
2020-01-23,4.4761,116,1.55,1.51,1.74
2020-01-24,4.4677,119,1.55,1.49,1.7
2020-01-27,4.4756,125,1.55,1.44,1.61
2020-01-28,4.3942,121,1.55,1.45,1.65
2020-01-29,4.3668,124,1.55,1.42,1.6
2020-01-30,4.372,121,1.6,1.41,1.57
2020-01-31,4.3601,122,1.59,1.33,1.51
2020-02-03,4.3029,124,1.59,1.36,1.54
2020-02-04,4.3029,122,1.59,1.41,1.61
2020-02-05,4.2764,117,1.59,1.44,1.66
2020-02-06,4.3124,116,1.59,1.44,1.65
2020-02-07,4.3027,120,1.58,1.41,1.59
2020-02-10,4.2845,122,1.58,1.37,1.56
2020-02-11,4.2873,118,1.58,1.41,1.59
2020-02-12,4.2873,114,1.58,1.44,1.62
2020-02-13,4.2893,114,1.58,1.44,1.61
2020-02-14,4.2721,115,1.58,1.42,1.59
2020-02-18,4.1816,118,1.59,1.41,1.55
2020-02-19,4.1899,115,1.59,1.42,1.56
2020-02-20,4.2072,116,1.59,1.39,1.52
2020-02-21,4.2072,118,1.58,1.34,1.46
2020-02-24,4.1439,123,1.58,1.26,1.38
2020-02-25,4.1468,130,1.58,1.2,1.33
2020-02-26,4.1927,132,1.58,1.16,1.33
2020-02-27,4.2349,139,1.58,1.11,1.3
2020-02-28,4.5157,156,1.58,0.86,1.13
2020-03-02,4.2837,154,1.59,0.84,1.1
2020-03-03,4.1779,153,1.59,0.71,1.02
2020-03-04,4.0525,142,1.09,0.67,1.02
2020-03-05,4.0494,149,1.09,0.59,0.92
2020-03-06,4.0952,168,1.09,0.49,0.74
2020-03-09,4.2179,213,1.09,0.38,0.54
2020-03-10,4.3264,185,1.09,0.5,0.76
2020-03-11,4.5106,205,1.09,0.5,0.82
2020-03-12,5.214,231,1.1,0.5,0.88
2020-03-13,5.2181,212,1.1,0.49,0.94
2020-03-16,6.0,268,0.25,0.36,0.73
2020-03-17,5.872,264,0.25,0.47,1.02
2020-03-18,6.5,332,0.25,0.54,1.18
2020-03-19,6.1,357,0.2,0.44,1.12
2020-03-20,5.9,352,0.15,0.37,0.92
2020-03-23,6.1,372,0.15,0.28,0.76
2020-03-24,6.0,346,0.12,0.38,0.84
2020-03-25,5.1,294,0.1,0.34,0.88
2020-03-26,4.8,257,0.1,0.3,0.83
2020-03-27,4.95,279,0.1,0.25,0.72
2020-03-30,5.202,278,0.09,0.23,0.7
2020-03-31,5.25,265,0.08,0.23,0.7
2020-04-01,5.7,285,0.06,0.23,0.62
2020-04-02,5.81,292,0.05,0.23,0.63
2020-04-03,5.9,297,0.05,0.23,0.62
2020-04-06,5.95,294,0.05,0.27,0.67
2020-04-07,5.55,282,0.05,0.28,0.75
2020-04-08,5.43,282,0.05,0.27,0.77
2020-04-13,4.9,262,0.05,0.25,0.76
2020-04-14,4.52,257,0.05,0.23,0.76
2020-04-15,4.75,276,0.05,0.2,0.63
2020-04-16,4.7,282,0.05,0.2,0.61
2020-04-17,4.65,271,0.05,0.2,0.65
2020-04-20,4.64,274,0.05,0.2,0.63
2020-04-21,4.75,282,0.05,0.2,0.58
2020-04-22,4.72,280,0.05,0.22,0.63
2020-04-23,4.7,283,0.04,0.22,0.61
2020-04-24,4.72,284,0.05,0.22,0.6
2020-04-27,4.76,278,0.04,0.24,0.67
2020-04-28,4.82,278,0.04,0.2,0.62
2020-04-29,4.74,271,0.04,0.2,0.63
2020-04-30,4.8,257,0.05,0.2,0.64
2020-05-04,4.9,251,0.05,0.19,0.64
2020-05-05,4.73,243,0.05,0.19,0.66
2020-05-06,4.77,236,0.05,0.17,0.72
2020-05-07,4.7,241,0.05,0.13,0.63
2020-05-08,4.44,234,0.05,0.16,0.69
2020-05-11,4.39,229,0.05,0.17,0.73
2020-05-12,4.38,232,0.05,0.17,0.69
2020-05-13,4.4,241,0.05,0.16,0.64
2020-05-14,4.41,245,0.05,0.16,0.63
2020-05-15,4.4,237,0.05,0.16,0.64
2020-05-18,4.38,219,0.05,0.18,0.73
2020-05-19,4.4,215,0.05,0.17,0.7
2020-05-20,4.36,208,0.05,0.16,0.68
2020-05-21,4.27,197,0.05,0.17,0.68
2020-05-22,4.3,195,0.05,0.17,0.66
2020-05-26,4.24,192,0.05,0.18,0.69
2020-05-27,4.3,194,0.05,0.19,0.68
2020-05-28,4.27,191,0.05,0.17,0.7
2020-05-29,4.31,191,0.05,0.16,0.65
2020-06-01,4.36,189,0.05,0.14,0.66
2020-06-02,4.35,183,0.06,0.17,0.68
2020-06-03,4.33,171,0.06,0.19,0.77
2020-06-04,4.41,171,0.06,0.19,0.82
2020-06-05,4.4,166,0.07,0.22,0.91
2020-06-08,4.4,164,0.07,0.22,0.88
2020-06-09,4.43,169,0.07,0.2,0.84
2020-06-10,4.37,177,0.08,0.17,0.75
2020-06-11,4.4,191,0.08,0.19,0.66
2020-06-12,4.42,191,0.08,0.19,0.71
2020-06-15,4.41,194,0.09,0.19,0.71
2020-06-16,4.39,182,0.09,0.21,0.75
2020-06-17,4.42,184,0.09,0.19,0.74
2020-06-18,4.38,186,0.09,0.19,0.71
2020-06-19,4.36,182,0.09,0.19,0.7
2020-06-22,4.37,181,0.08,0.19,0.71
2020-06-23,4.38,177,0.08,0.18,0.72
2020-06-24,4.38,178,0.08,0.19,0.69
2020-06-25,4.38,178,0.08,0.17,0.68
2020-06-26,4.41,183,0.08,0.17,0.64
2020-06-30,4.44,182,0.08,0.16,0.66
2020-07-01,4.44,178,0.08,0.17,0.69
2020-07-02,4.47,176,0.09,0.16,0.68
2020-07-06,4.5,173,0.09,0.16,0.69
2020-07-07,4.45,176,0.09,0.16,0.65
2020-07-08,4.38,174,0.09,0.16,0.67
2020-07-09,4.34,179,0.09,0.16,0.62
2020-07-10,4.36,177,0.09,0.16,0.65
2020-07-13,4.34,176,0.09,0.16,0.64
2020-07-14,4.37,179,0.09,0.14,0.63
2020-07-15,4.3,175,0.1,0.16,0.64
2020-07-16,4.24,176,0.1,0.16,0.62
2020-07-17,4.14,171,0.09,0.14,0.64
2020-07-20,4.14,169,0.1,0.16,0.62
2020-07-21,4.16,164,0.1,0.14,0.61
2020-07-22,4.16,161,0.09,0.14,0.6
2020-07-23,4.11,162,0.09,0.16,0.59
2020-07-24,4.04,164,0.09,0.14,0.59
2020-07-27,4.01,160,0.1,0.15,0.62
2020-07-29,3.97,156,0.1,0.12,0.58
2020-07-30,3.95,155,0.1,0.11,0.55
2020-07-31,3.93,150,0.1,0.11,0.55
2020-08-03,3.92,147,0.1,0.11,0.56
2020-08-04,3.92,147,0.1,0.11,0.52
2020-08-05,3.92,139,0.1,0.11,0.55
2020-08-06,4.05,137,0.1,0.11,0.55
2020-08-07,4.16,140,0.1,0.13,0.57
2020-08-10,4.18,140,0.1,0.14,0.59
2020-08-11,4.1,140,0.1,0.16,0.64
2020-08-12,4.08,142,0.1,0.16,0.69
2020-08-13,4.08,139,0.1,0.16,0.71
2020-08-14,4.08,143,0.1,0.14,0.71
2020-08-17,4.08,146,0.1,0.14,0.69
2020-08-18,4.08,148,0.09,0.14,0.67
2020-08-19,4.08,147,0.09,0.14,0.68
2020-08-20,4.09,151,0.09,0.13,0.65
2020-08-21,4.12,152,0.09,0.16,0.64
2020-08-24,4.11,149,0.09,0.14,0.65
2020-08-25,4.14,149,0.09,0.15,0.69
2020-08-26,4.11,149,0.09,0.16,0.69
2020-08-27,4.09,150,0.08,0.16,0.74
2020-08-28,4.03,148,0.09,0.14,0.74
2020-08-31,3.99,151,0.09,0.14,0.72
2020-09-01,4.02,150,0.09,0.13,0.68
2020-09-02,4.07,150,0.09,0.14,0.66
2020-09-03,4.12,153,0.09,0.13,0.63
2020-09-04,4.17,146,0.09,0.14,0.72
2020-09-08,4.13,150,0.09,0.14,0.69
2020-09-09,4.05,148,0.09,0.14,0.71
2020-09-10,4.12,151,0.09,0.14,0.68
2020-09-11,4.2,158,0.09,0.13,0.67
2020-09-14,4.17,158,0.09,0.14,0.68
2020-09-15,4.16,156,0.09,0.14,0.68
2020-09-16,4.19,155,0.09,0.14,0.69
2020-09-17,4.16,158,0.09,0.13,0.69
2020-09-18,4.16,158,0.09,0.14,0.7
2020-09-21,4.2,166,0.09,0.14,0.68
2020-09-22,4.28,173,0.09,0.13,0.68
2020-09-23,4.34,183,0.09,0.14,0.68
2020-09-24,4.3,181,0.09,0.14,0.67
2020-09-25,4.23,175,0.09,0.12,0.66
2020-09-28,4.27,171,0.09,0.14,0.67
2020-09-29,4.24,173,0.09,0.11,0.66
2020-09-30,4.33,173,0.09,0.13,0.69
2020-10-01,4.3,171,0.09,0.14,0.68
2020-10-02,4.32,167,0.09,0.13,0.7
2020-10-05,4.27,160,0.09,0.14,0.78
2020-10-06,4.25,162,0.09,0.14,0.76
2020-10-07,4.22,155,0.09,0.16,0.81
2020-10-08,4.1,149,0.09,0.13,0.78
2020-10-09,4.04,145,0.09,0.16,0.79
2020-10-13,4.15,147,0.09,0.16,0.74
2020-10-14,4.12,145,0.09,0.14,0.73
2020-10-15,4.15,142,0.09,0.14,0.74
2020-10-16,4.17,141,0.09,0.14,0.76
2020-10-19,4.19,142,0.09,0.16,0.78
2020-10-20,4.27,142,0.09,0.14,0.81
2020-10-21,4.34,145,0.09,0.14,0.83
2020-10-22,4.3,146,0.09,0.16,0.87
2020-10-23,4.21,149,0.09,0.18,0.85
2020-10-26,4.21,151,0.09,0.16,0.81
2020-10-27,4.17,149,0.09,0.16,0.79
2020-10-28,4.24,152,0.09,0.16,0.79
2020-10-29,4.2,150,0.09,0.16,0.85
2020-10-30,4.22,149,0.09,0.14,0.88
2020-11-02,4.17,150,0.09,0.16,0.87
2020-11-03,4.05,146,0.09,0.17,0.9
2020-11-04,4.0,145,0.09,0.14,0.78
2020-11-05,3.85,143,0.09,0.14,0.79
2020-11-06,3.94,146,0.09,0.16,0.83
2020-11-09,3.94,137,0.09,0.17,0.96
2020-11-10,4.0,144,0.09,0.19,0.98
2020-11-12,4.09,142,0.09,0.17,0.88
2020-11-13,4.16,142,0.09,0.17,0.89
2020-11-16,4.24,147,0.09,0.19,0.91
2020-11-17,4.07,144,0.09,0.18,0.87
2020-11-18,4.0537,143,0.09,0.16,0.88
2020-11-19,4.0657,144,0.08,0.18,0.86
2020-11-20,4.02,142,0.08,0.16,0.83
2020-11-23,4.0,149,0.08,0.16,0.86
2020-11-24,3.9501,151,0.08,0.16,0.88
2020-11-25,3.9356,154,0.08,0.17,0.88
2020-11-27,3.9,159,0.08,0.16,0.84
2020-11-30,3.9078,161,0.09,0.16,0.84
2020-12-01,3.9227,152,0.09,0.17,0.92
2020-12-02,3.9028,149,0.09,0.16,0.95
2020-12-03,3.87,151,0.09,0.16,0.92
2020-12-04,3.81,148,0.09,0.16,0.97
2020-12-07,3.763,152,0.09,0.14,0.94
2020-12-09,3.72,151,0.09,0.16,0.95
2020-12-10,3.69,154,0.09,0.14,0.92
2020-12-11,3.67,155,0.09,0.11,0.9
2020-12-14,3.66,152,0.09,0.13,0.9
2020-12-15,3.57,144,0.09,0.11,0.92
2020-12-16,3.56,141,0.09,0.13,0.92
2020-12-17,3.52,137,0.09,0.13,0.94
2020-12-18,3.5,135,0.09,0.13,0.95
2020-12-21,3.51,137,0.09,0.13,0.95
2020-12-22,3.55,137,0.09,0.13,0.93
2020-12-23,3.51,134,0.09,0.13,0.96
2020-12-24,3.512,137,0.09,0.13,0.94
2020-12-28,3.514,136,0.09,0.13,0.94
2020-12-29,3.511,135,0.09,0.12,0.94
2020-12-30,3.52,136,0.09,0.12,0.93
2020-12-31,3.5,132,0.09,0.13,0.93
2021-01-04,3.49,131,0.09,0.11,0.93
2021-01-05,3.51,130,0.09,0.13,0.96
2021-01-06,3.61,128,0.09,0.14,1.04
2021-01-07,3.64,128,0.09,0.14,1.08
2021-01-08,3.65,125,0.09,0.14,1.13
2021-01-11,3.7,129,0.09,0.14,1.15
2021-01-12,3.62,138,0.09,0.14,1.15
2021-01-13,3.58,135,0.09,0.14,1.1
2021-01-14,3.59,131,0.09,0.16,1.15
2021-01-15,3.62,134,0.09,0.13,1.11
2021-01-19,3.66,134,0.09,0.14,1.1
2021-01-20,3.67,134,0.09,0.13,1.1
2021-01-21,3.68,133,0.08,0.13,1.12
2021-01-22,3.72,131,0.08,0.13,1.1
2021-01-25,3.73,133,0.08,0.13,1.05
2021-01-26,3.78,132,0.08,0.11,1.05
2021-01-27,3.88,133,0.08,0.12,1.04
2021-01-28,3.73,131,0.07,0.12,1.07
2021-01-29,3.66,128,0.07,0.11,1.11
2021-02-01,3.71,131,0.08,0.11,1.09
2021-02-02,3.74,130,0.08,0.11,1.12
2021-02-03,3.77,132,0.08,0.11,1.15
2021-02-04,3.78,137,0.08,0.11,1.15
2021-02-05,3.77,135,0.08,0.09,1.19
2021-02-08,3.77,136,0.07,0.11,1.19
2021-02-09,3.76,135,0.08,0.11,1.18
2021-02-10,3.73,137,0.08,0.11,1.15
2021-02-11,3.75,134,0.08,0.11,1.16
2021-02-12,3.77,133,0.08,0.11,1.2
2021-02-16,3.87,136,0.08,0.13,1.3
2021-02-17,3.89,136,0.08,0.11,1.29
2021-02-18,3.99,138,0.07,0.11,1.29
2021-02-19,4.11,137,0.07,0.11,1.34
2021-02-22,4.21,141,0.07,0.11,1.37
2021-02-23,4.15,145,0.07,0.11,1.37
2021-02-24,4.15,145,0.07,0.12,1.38
2021-02-25,4.29,147,0.07,0.17,1.54
2021-02-26,4.23,164,0.07,0.14,1.44
2021-03-01,4.27,159,0.07,0.13,1.45
2021-03-02,4.42,165,0.07,0.13,1.42
2021-03-03,4.57,166,0.07,0.14,1.47
2021-03-04,4.75,170,0.07,0.14,1.54
2021-03-05,4.76,178,0.07,0.14,1.56
2021-03-08,4.9,185,0.07,0.17,1.59
2021-03-09,4.79,184,0.07,0.17,1.55
2021-03-10,4.7,180,0.07,0.16,1.53
2021-03-11,4.56,173,0.07,0.14,1.54
2021-03-12,4.7,166,0.07,0.14,1.64
2021-03-15,4.68,166,0.07,0.14,1.62
2021-03-16,4.7,160,0.07,0.15,1.62
2021-03-17,4.68,159,0.07,0.13,1.63
2021-03-18,4.66,157,0.07,0.16,1.71
2021-03-19,4.6,156,0.07,0.16,1.74
2021-03-22,4.54,160,0.07,0.15,1.69
2021-03-23,4.62,161,0.07,0.15,1.63
2021-03-24,4.68,161,0.07,0.14,1.62
2021-03-25,4.71,162,0.07,0.14,1.63
2021-03-26,4.73,160,0.07,0.14,1.67
2021-03-29,4.8,156,0.07,0.14,1.73
2021-03-30,4.99,161,0.07,0.16,1.73
2021-03-31,4.97,152,0.06,0.16,1.74
2021-04-05,4.91,148,0.07,0.17,1.73
2021-04-06,4.79,148,0.07,0.16,1.67
2021-04-07,4.78,149,0.07,0.16,1.68
2021-04-08,4.74,151,0.07,0.14,1.64
2021-04-09,4.81,152,0.07,0.16,1.67
2021-04-12,4.8,159,0.07,0.18,1.69
2021-04-13,4.78,164,0.07,0.16,1.64
2021-04-14,4.88,160,0.07,0.16,1.64
2021-04-15,4.87,161,0.07,0.16,1.56
2021-04-16,4.89,157,0.07,0.16,1.59
2021-04-19,5.02,164,0.07,0.16,1.61
2021-04-20,5.06,175,0.07,0.15,1.58
2021-04-21,5.16,181,0.07,0.15,1.57
2021-04-22,5.36,188,0.07,0.16,1.57
2021-04-23,5.42,180,0.07,0.16,1.58
2021-04-26,5.65,185,0.07,0.18,1.58
2021-04-27,5.61,181,0.07,0.17,1.63
2021-04-28,5.47,177,0.07,0.17,1.63
2021-04-29,5.4,170,0.06,0.16,1.65
2021-04-30,5.4,165,0.05,0.16,1.65
2021-05-03,5.43,164,0.06,0.16,1.63
2021-05-04,5.39,167,0.06,0.16,1.61
2021-05-05,5.31,175,0.06,0.16,1.59
2021-05-06,5.12,174,0.06,0.16,1.58
2021-05-07,5.05,164,0.06,0.14,1.6
2021-05-10,4.88,159,0.06,0.16,1.63
2021-05-11,4.89,158,0.06,0.16,1.64
2021-05-12,4.92,157,0.06,0.16,1.69
2021-05-13,4.79,155,0.06,0.16,1.66
2021-05-14,4.8,154,0.06,0.16,1.63
2021-05-17,4.89,153,0.06,0.16,1.64
2021-05-18,4.95,152,0.06,0.16,1.64
2021-05-19,4.99,155,0.06,0.16,1.68
2021-05-20,4.97,159,0.06,0.15,1.63
2021-05-21,4.85,164,0.06,0.17,1.63
2021-05-24,4.98,172,0.06,0.15,1.61
2021-05-25,4.98,174,0.06,0.15,1.56
2021-05-26,5.08,171,0.06,0.14,1.58
2021-05-27,4.93,170,0.06,0.14,1.61
2021-05-28,4.82,169,0.05,0.14,1.58
2021-06-01,4.85,167,0.06,0.16,1.62
2021-06-02,4.89,167,0.06,0.13,1.59
2021-06-03,4.84,165,0.06,0.16,1.63
2021-06-04,4.68,167,0.06,0.14,1.56
2021-06-07,5.0,180,0.06,0.16,1.57
2021-06-08,4.92,176,0.06,0.14,1.53
2021-06-09,5.15,172,0.06,0.16,1.5
2021-06-10,5.08,174,0.06,0.14,1.45
2021-06-11,5.15,170,0.06,0.16,1.47
2021-06-14,5.3,169,0.06,0.16,1.51
2021-06-15,5.4,169,0.06,0.16,1.51
2021-06-16,5.41,169,0.06,0.21,1.57
2021-06-17,5.423,170,0.1,0.23,1.52
2021-06-18,5.55,174,0.1,0.26,1.45
2021-06-21,5.765,174,0.1,0.27,1.5
2021-06-22,5.68,170,0.1,0.25,1.48
2021-06-23,5.72,168,0.1,0.26,1.5
2021-06-24,5.64,167,0.1,0.26,1.49
2021-06-25,5.57,163,0.1,0.28,1.54
2021-06-28,5.35,165,0.1,0.25,1.49
2021-06-30,5.37,163,0.08,0.25,1.45
2021-07-01,5.41,163,0.1,0.25,1.48
2021-07-02,5.5,166,0.1,0.24,1.44
2021-07-06,5.62,166,0.1,0.22,1.37
2021-07-07,5.8,167,0.1,0.22,1.33
2021-07-08,5.75,167,0.1,0.19,1.3
2021-07-09,5.85,163,0.1,0.23,1.37
2021-07-13,5.85,160,0.1,0.26,1.42
2021-07-14,5.75,161,0.1,0.23,1.37
2021-07-15,5.67,165,0.1,0.23,1.31
2021-07-16,5.56,163,0.1,0.25,1.31
2021-07-19,5.65,171,0.1,0.21,1.19
2021-07-20,5.62,169,0.1,0.2,1.23
2021-07-21,5.55,169,0.1,0.22,1.3
2021-07-22,5.41,173,0.1,0.2,1.27
2021-07-23,5.46,172,0.1,0.22,1.3
2021-07-26,5.38,173,0.1,0.22,1.29
2021-07-27,5.47,179,0.1,0.2,1.25
2021-07-30,6.45,197,0.07,0.19,1.24
2021-08-02,6.05,193,0.1,0.17,1.2
2021-08-03,5.87,187,0.1,0.17,1.19
2021-08-04,6.04,186,0.1,0.17,1.19
2021-08-05,6.09,182,0.1,0.21,1.23
2021-08-06,6.34,179,0.1,0.21,1.31
2021-08-09,6.45,179,0.1,0.23,1.33
2021-08-10,6.36,183,0.1,0.24,1.36
2021-08-11,6.4,184,0.1,0.23,1.35
2021-08-12,6.5,183,0.1,0.23,1.36
2021-08-13,6.38,188,0.1,0.23,1.29
2021-08-16,6.45,189,0.1,0.21,1.26
2021-08-17,6.49,188,0.1,0.23,1.26
2021-08-18,6.48,187,0.09,0.23,1.27
2021-08-19,6.66,187,0.09,0.22,1.24
2021-08-20,6.8,185,0.09,0.23,1.26
2021-08-23,6.69,185,0.09,0.23,1.25
2021-08-24,6.44,179,0.09,0.24,1.29
2021-08-25,6.49,174,0.09,0.23,1.35
2021-08-26,6.3,178,0.09,0.25,1.34
2021-08-27,6.09,178,0.08,0.22,1.31
2021-08-31,6.09,175,0.06,0.2,1.3
2021-09-01,6.15,175,0.08,0.2,1.31
2021-09-02,6.26,178,0.08,0.2,1.29
2021-09-03,6.25,175,0.08,0.21,1.33
2021-09-07,6.3,171,0.08,0.22,1.38
2021-09-08,6.4,174,0.08,0.22,1.35
2021-09-09,6.4,175,0.08,0.23,1.3
2021-09-10,6.46,172,0.08,0.23,1.35
2021-09-13,6.43,174,0.08,0.21,1.33
2021-09-14,6.37,178,0.08,0.21,1.28
2021-09-15,6.43,174,0.08,0.21,1.31
2021-09-16,6.4,172,0.08,0.23,1.34
2021-09-17,6.36,169,0.08,0.23,1.37
2021-09-20,6.3,177,0.08,0.23,1.31
2021-09-21,6.27,175,0.08,0.22,1.33
2021-09-22,6.27,175,0.08,0.25,1.32
2021-09-23,6.27,169,0.08,0.27,1.41
2021-09-24,6.3,170,0.08,0.29,1.47
2021-09-27,6.38,172,0.08,0.31,1.48
2021-09-28,6.41,173,0.08,0.31,1.54
2021-09-29,6.43,175,0.08,0.3,1.55
2021-09-30,6.44,180,0.06,0.28,1.52
2021-10-01,6.37,186,0.08,0.27,1.48
2021-10-04,6.33,186,0.08,0.27,1.49
2021-10-05,6.18,183,0.08,0.28,1.54
2021-10-06,6.14,185,0.08,0.3,1.53
2021-10-07,5.92,173,0.08,0.32,1.58
2021-10-12,5.76,174,0.08,0.35,1.59
2021-10-13,5.78,173,0.08,0.37,1.56
2021-10-14,5.71,170,0.08,0.36,1.52
2021-10-15,5.83,170,0.08,0.41,1.59
2021-10-18,5.95,172,0.08,0.44,1.59
2021-10-19,5.9,165,0.08,0.41,1.65
2021-10-20,5.92,162,0.08,0.4,1.65
2021-10-21,5.94,161,0.08,0.45,1.68
2021-10-22,5.88,161,0.08,0.48,1.66
2021-10-25,5.88,159,0.08,0.47,1.64
2021-10-26,5.95,164,0.08,0.47,1.63
2021-10-27,5.95,166,0.08,0.5,1.54
2021-10-28,5.83,171,0.08,0.5,1.57
2021-10-29,5.82,181,0.07,0.48,1.55
2021-11-02,5.82,183,0.08,0.46,1.56
2021-11-03,5.9,175,0.08,0.47,1.6
2021-11-04,5.84,179,0.08,0.41,1.53
2021-11-05,5.73,182,0.08,0.39,1.45
2021-11-08,5.74,173,0.08,0.45,1.51
2021-11-09,5.8,176,0.08,0.41,1.46
2021-11-10,5.87,172,0.08,0.51,1.56
2021-11-12,5.85,173,0.08,0.53,1.58
2021-11-15,5.8,171,0.08,0.53,1.63
2021-11-16,5.87,171,0.08,0.54,1.63
2021-11-17,5.83,174,0.08,0.52,1.6
2021-11-18,5.87,174,0.08,0.52,1.59
2021-11-19,5.86,177,0.08,0.52,1.54
2021-11-22,5.9,174,0.08,0.63,1.63
2021-11-23,5.97,178,0.08,0.6,1.67
2021-11-24,5.97,184,0.08,0.64,1.64
2021-11-26,5.88,203,0.08,0.5,1.48
2021-11-29,5.92,196,0.08,0.51,1.52
2021-11-30,5.95,194,0.07,0.52,1.43
2021-12-01,5.98,188,0.08,0.56,1.43
2021-12-02,5.98,185,0.08,0.63,1.44
2021-12-03,5.98,191,0.08,0.6,1.35
2021-12-06,5.96,184,0.08,0.65,1.43
2021-12-07,5.91,175,0.08,0.7,1.48
2021-12-09,5.93,169,0.08,0.7,1.49
2021-12-10,5.89,169,0.08,0.67,1.48
2021-12-13,5.88,173,0.08,0.66,1.42
2021-12-14,5.89,171,0.08,0.67,1.44
2021-12-15,5.91,170,0.08,0.69,1.47
2021-12-16,5.9,173,0.08,0.64,1.44
2021-12-17,5.92,174,0.08,0.66,1.41
2021-12-20,5.95,175,0.08,0.65,1.43
2021-12-21,6.0,173,0.08,0.7,1.48
2021-12-22,5.97,176,0.08,0.68,1.46
2021-12-23,5.94,172,0.08,0.71,1.5
2021-12-27,5.89,173,0.08,0.76,1.48
2021-12-28,5.86,171,0.08,0.74,1.49
2021-12-29,5.9,166,0.08,0.75,1.55
2021-12-30,5.934,169,0.08,0.73,1.52
2021-12-31,5.87,170,0.07,0.73,1.52
2022-01-03,5.944,162,0.08,0.78,1.63
2022-01-04,5.96,165,0.08,0.77,1.66
2022-01-05,6.0,167,0.08,0.83,1.71
2022-01-06,6.02,176,0.08,0.88,1.73
2022-01-07,6.05,177,0.08,0.87,1.76
2022-01-10,6.12,180,0.08,0.92,1.78
2022-01-11,6.05,181,0.08,0.9,1.75
2022-01-12,6.04,179,0.08,0.92,1.74
2022-01-13,6.07,180,0.08,0.91,1.7
2022-01-14,6.12,176,0.08,0.99,1.78
2022-01-18,6.192,177,0.08,1.06,1.87
2022-01-19,6.16,177,0.08,1.04,1.83
2022-01-20,6.09,175,0.08,1.08,1.83
2022-01-21,6.04,180,0.08,1.01,1.75
2022-01-24,6.08,179,0.08,0.99,1.75
2022-01-25,6.08,177,0.08,1.02,1.78
2022-01-26,6.08,174,0.08,1.13,1.85
2022-01-27,6.1,182,0.08,1.18,1.81
2022-01-28,6.11,186,0.08,1.15,1.78
2022-01-31,6.13,186,0.08,1.18,1.79
2022-02-01,6.15,191,0.08,1.18,1.81
2022-02-02,6.08,190,0.08,1.16,1.78
2022-02-03,6.08,186,0.08,1.19,1.82
2022-02-04,6.1,186,0.08,1.31,1.93
2022-02-07,6.12,192,0.08,1.3,1.92
2022-02-08,6.07,192,0.08,1.35,1.96
2022-02-09,6.04,190,0.08,1.36,1.94
2022-02-10,6.1,188,0.08,1.61,2.03
2022-02-11,6.08,204,0.08,1.5,1.92
2022-02-14,6.08,200,0.08,1.58,1.98
2022-02-15,6.1,192,0.08,1.58,2.05
2022-02-16,6.06,194,0.08,1.52,2.03
2022-02-17,6.0,198,0.08,1.49,1.97
2022-02-18,6.03,203,0.08,1.47,1.92
2022-02-22,6.0,207,0.08,1.56,1.94
2022-02-23,6.0,210,0.08,1.58,1.99
2022-02-24,6.04,211,0.08,1.54,1.96
2022-02-25,6.07,205,0.08,1.55,1.97
2022-02-28,6.17,213,0.08,1.44,1.83
2022-03-01,6.22,212,0.08,1.31,1.72
2022-03-02,6.26,207,0.08,1.5,1.86
2022-03-03,6.33,211,0.08,1.53,1.86
2022-03-04,6.45,224,0.08,1.5,1.74
2022-03-07,6.64,226,0.08,1.55,1.78
2022-03-08,6.67,225,0.08,1.63,1.86
2022-03-09,6.65,217,0.08,1.68,1.94
2022-03-10,6.72,214,0.08,1.72,1.98
2022-03-11,6.65,211,0.08,1.75,2.0
2022-03-14,6.72,206,0.08,1.87,2.14
2022-03-15,6.67,207,0.08,1.85,2.15
2022-03-16,6.63,207,0.08,1.95,2.19
2022-03-17,6.56,194,0.33,1.94,2.2
2022-03-18,6.52,193,0.33,1.97,2.14
2022-03-21,6.57,190,0.33,2.14,2.32
2022-03-22,6.61,190,0.33,2.18,2.38
2022-03-23,6.61,199,0.33,2.13,2.32
2022-03-24,6.75,192,0.33,2.13,2.34
2022-03-25,6.9,183,0.33,2.3,2.48
2022-03-28,6.81,184,0.33,2.35,2.46
2022-03-29,6.65,179,0.33,2.35,2.41
2022-03-30,6.61,175,0.33,2.31,2.35
2022-03-31,6.55,171,0.33,2.28,2.32
2022-04-01,6.72,172,0.33,2.44,2.39
2022-04-04,6.79,166,0.33,2.43,2.42
2022-04-05,6.86,165,0.33,2.51,2.54
2022-04-06,6.94,165,0.33,2.5,2.61
2022-04-07,6.93,180,0.33,2.47,2.66
2022-04-08,6.98,191,0.33,2.53,2.72
2022-04-11,7.08,197,0.33,2.5,2.79
2022-04-12,7.2,195,0.33,2.39,2.72
2022-04-13,7.29,189,0.33,2.37,2.7
2022-04-18,7.39,183,0.33,2.46,2.85
2022-04-19,7.48,185,0.33,2.61,2.93
2022-04-20,7.56,193,0.33,2.6,2.85
2022-04-21,7.67,198,0.33,2.68,2.9
2022-04-22,7.75,203,0.33,2.72,2.9
2022-04-25,8.0,207,0.33,2.63,2.81
2022-04-26,8.06,209,0.33,2.54,2.77
2022-04-27,7.8,207,0.33,2.58,2.82
2022-04-28,7.72,215,0.33,2.63,2.85
2022-04-29,7.87,218,0.33,2.7,2.89
2022-05-02,8.0,228,0.33,2.73,2.99
2022-05-03,7.94,223,0.33,2.78,2.97
2022-05-04,7.94,222,0.33,2.66,2.93
2022-05-05,8.16,214,0.83,2.71,3.05
2022-05-06,8.41,211,0.83,2.72,3.12
2022-05-09,8.4,227,0.83,2.61,3.05
2022-05-10,8.24,224,0.83,2.62,2.99
2022-05-11,8.16,224,0.83,2.66,2.91
2022-05-12,8.06,224,0.83,2.56,2.84
2022-05-13,8.0,216,0.83,2.61,2.93
2022-05-16,7.91,217,0.83,2.58,2.88
2022-05-17,7.99,213,0.83,2.71,2.98
2022-05-18,8.0,226,0.83,2.68,2.89
2022-05-19,7.93,224,0.83,2.63,2.84
2022-05-20,7.88,228,0.83,2.6,2.78
2022-05-23,7.86,220,0.83,2.65,2.86
2022-05-24,7.73,225,0.83,2.5,2.76
2022-05-25,7.58,216,0.83,2.48,2.75
2022-05-26,7.5,210,0.83,2.46,2.75
2022-05-27,7.48,200,0.83,2.47,2.74
2022-05-31,7.64,194,0.83,2.53,2.85
2022-06-01,7.63,192,0.83,2.66,2.94
2022-06-02,7.7,195,0.83,2.65,2.92
2022-06-03,7.73,197,0.83,2.66,2.96
2022-06-06,7.85,196,0.83,2.73,3.04
2022-06-07,7.77,198,0.83,2.75,2.98
2022-06-08,7.83,197,0.83,2.78,3.03
2022-06-09,7.85,201,0.83,2.83,3.04
2022-06-10,7.92,201,0.83,3.06,3.15
2022-06-13,8.08,214,0.83,3.4,3.43
2022-06-14,8.12,211,0.83,3.45,3.49
2022-06-15,8.05,215,0.83,3.2,3.33
2022-06-16,7.92,223,1.58,3.14,3.28
2022-06-17,7.88,223,1.58,3.17,3.25
2022-06-21,7.85,218,1.58,3.21,3.31
2022-06-22,7.88,226,1.58,3.06,3.16
2022-06-23,7.78,223,1.58,3.01,3.09
2022-06-24,7.83,220,1.58,3.04,3.13
2022-06-27,7.85,219,1.58,3.08,3.2
2022-06-28,7.84,233,1.58,3.1,3.2
2022-06-30,7.858,235,1.58,2.92,2.98
2022-07-01,7.82,235,1.58,2.84,2.88
2022-07-05,7.8,238,1.58,2.82,2.82
2022-07-06,7.7,228,1.58,2.97,2.93
2022-07-07,7.92,223,1.58,3.03,3.01
2022-07-08,8.1,222,1.58,3.12,3.09
2022-07-11,8.18,232,1.58,3.07,2.99
2022-07-12,8.42,240,1.58,3.03,2.96
2022-07-13,8.39,246,1.58,3.13,2.91
2022-07-14,8.45,250,1.58,3.15,2.96
2022-07-15,8.44,252,1.58,3.13,2.93
2022-07-18,8.49,245,1.58,3.15,2.96
2022-07-19,8.57,238,1.58,3.23,3.01
2022-07-20,8.55,234,1.58,3.25,3.04
2022-07-21,8.49,242,1.58,3.1,2.91
2022-07-22,8.34,242,1.58,2.98,2.77
2022-07-25,8.19,236,1.58,3.0,2.81
2022-07-26,8.19,233,1.58,3.02,2.81
2022-07-27,8.24,228,1.58,2.96,2.78
2022-08-01,8.0,223,2.33,2.9,2.6
2022-08-02,8.0,215,2.33,3.06,2.75
2022-08-03,8.01,222,2.33,3.1,2.73
2022-08-04,7.89,213,2.33,3.03,2.68
2022-08-05,7.98,209,2.33,3.24,2.83
2022-08-08,7.9,210,2.33,3.21,2.77
2022-08-09,7.91,215,2.33,3.28,2.8
2022-08-10,7.83,204,2.33,3.23,2.78
2022-08-11,7.86,195,2.33,3.23,2.87
2022-08-12,7.82,200,2.33,3.25,2.84
2022-08-15,7.74,201,2.33,3.2,2.79
2022-08-16,7.75,205,2.33,3.25,2.82
2022-08-17,7.8,209,2.33,3.28,2.89
2022-08-18,7.79,208,2.33,3.22,2.88
2022-08-19,7.87,211,2.33,3.25,2.98
2022-08-22,7.98,218,2.33,3.32,3.03
2022-08-23,7.98,214,2.33,3.29,3.05
2022-08-24,8.01,206,2.33,3.36,3.11
2022-08-25,7.94,209,2.33,3.35,3.03
2022-08-26,7.96,212,2.33,3.37,3.04
2022-08-29,7.99,217,2.33,3.42,3.12
2022-08-31,7.982,218,2.33,3.45,3.15
2022-09-01,8.16,219,2.33,3.51,3.26
2022-09-02,8.13,223,2.33,3.4,3.2
2022-09-06,8.28,221,2.33,3.5,3.33
2022-09-07,8.27,223,2.33,3.45,3.27
2022-09-08,8.26,215,2.33,3.48,3.29
2022-09-09,8.15,210,2.33,3.56,3.33
2022-09-12,8.08,202,2.33,3.58,3.37
2022-09-13,8.12,214,2.33,3.75,3.42
2022-09-14,8.17,225,2.33,3.78,3.41
2022-09-15,8.19,225,2.33,3.87,3.45
2022-09-16,8.19,231,2.33,3.85,3.45
2022-09-19,8.19,229,2.33,3.95,3.49
2022-09-20,8.28,230,2.33,3.96,3.57
2022-09-21,8.24,226,2.33,4.02,3.51
2022-09-22,8.28,220,3.08,4.11,3.7
2022-09-23,8.35,227,3.08,4.2,3.69
2022-09-26,8.48,234,3.08,4.27,3.88
2022-09-27,8.55,237,3.08,4.3,3.97
2022-09-28,8.64,246,3.08,4.07,3.72
2022-09-29,8.76,248,3.08,4.16,3.76
2022-09-30,8.8,246,3.08,4.22,3.83
2022-10-03,8.7,245,3.08,4.12,3.67
2022-10-04,8.68,229,3.08,4.1,3.62
2022-10-06,8.68,233,3.08,4.23,3.83
2022-10-07,8.62,241,3.08,4.3,3.89
2022-10-11,8.7,247,3.08,4.3,3.93
2022-10-12,8.77,254,3.08,4.28,3.91
2022-10-13,8.76,257,3.08,4.47,3.97
2022-10-14,8.77,256,3.08,4.48,4.0
2022-10-17,8.69,252,3.08,4.45,4.02
2022-10-18,8.61,249,3.08,4.43,4.01
2022-10-19,8.65,248,3.08,4.55,4.14
2022-10-20,8.67,250,3.08,4.62,4.24
2022-10-21,8.64,250,3.08,4.49,4.21
2022-10-24,8.68,238,3.08,4.5,4.25
2022-10-25,8.62,235,3.08,4.42,4.1
2022-10-26,8.55,232,3.08,4.39,4.04
2022-10-27,8.49,235,3.08,4.3,3.96
2022-10-28,8.51,224,3.08,4.41,4.02
2022-10-31,8.41,228,3.08,4.51,4.1
2022-11-02,8.23,221,3.08,4.61,4.1
2022-11-03,8.24,221,3.83,4.71,4.14
2022-11-04,8.13,213,3.83,4.66,4.17
2022-11-07,7.94,201,3.83,4.72,4.22
2022-11-08,7.74,204,3.83,4.67,4.14
2022-11-09,7.71,211,3.83,4.61,4.12
2022-11-10,7.53,205,3.83,4.34,3.82
2022-11-14,7.73,196,3.83,4.4,3.88
2022-11-15,7.87,195,3.83,4.37,3.8
2022-11-16,7.94,201,3.83,4.35,3.67
2022-11-17,8.0,202,3.83,4.43,3.77
2022-11-18,8.03,200,3.83,4.51,3.82
2022-11-21,7.95,197,3.83,4.48,3.83
2022-11-22,7.88,197,3.83,4.47,3.76
2022-11-23,7.89,201,3.83,4.46,3.71
2022-11-25,7.8,202,3.83,4.42,3.68
2022-11-28,7.77,198,3.83,4.46,3.69
2022-11-29,7.73,190,3.83,4.48,3.75
2022-11-30,7.63,193,3.83,4.38,3.68
2022-12-01,7.6,196,3.83,4.25,3.53
2022-12-02,7.64,196,3.83,4.28,3.51
2022-12-05,7.66,191,3.83,4.41,3.6
2022-12-06,7.6,199,3.83,4.34,3.51
2022-12-07,7.8,201,3.83,4.26,3.42
2022-12-13,7.72,185,3.83,4.22,3.51
2022-12-14,7.79,197,3.83,4.23,3.49
2022-12-15,7.82,203,4.33,4.23,3.44
2022-12-16,7.96,208,4.33,4.17,3.48
2022-12-19,8.07,208,4.33,4.25,3.57
2022-12-20,8.06,209,4.33,4.25,3.69
2022-12-21,8.0,200,4.33,4.21,3.68
2022-12-22,7.97,198,4.33,4.24,3.67
2022-12-23,7.97,193,4.33,4.31,3.75
2022-12-27,7.93,191,4.33,4.32,3.84
2022-12-28,7.97,190,4.33,4.31,3.88
2022-12-29,7.98,195,4.33,4.34,3.83
2022-12-30,7.98,194,4.33,4.41,3.88
2023-01-03,8.01,200,4.33,4.4,3.79
2023-01-04,8.0,208,4.33,4.36,3.69
2023-01-05,7.99,217,4.33,4.45,3.71
2023-01-06,7.91,215,4.33,4.24,3.55
2023-01-09,7.67,215,4.33,4.19,3.53
2023-01-10,7.78,214,4.33,4.24,3.61
2023-01-11,7.78,213,4.33,4.2,3.54
2023-01-12,7.77,205,4.33,4.12,3.43
2023-01-13,7.94,202,4.33,4.22,3.49
2023-01-17,8.04,206,4.33,4.18,3.53
2023-01-18,8.0,207,4.33,4.06,3.37
2023-01-19,8.03,211,4.33,4.09,3.39
2023-01-20,7.98,208,4.33,4.14,3.48
2023-01-23,7.96,207,4.33,4.21,3.52
2023-01-24,8.09,210,4.33,4.12,3.46
2023-01-30,8.05,204,4.33,4.25,3.55
2023-01-31,8.09,206,4.33,4.21,3.52
2023-02-01,7.95,207,4.33,4.09,3.39
2023-02-02,7.8,197,4.58,4.09,3.4
2023-02-03,7.8,193,4.58,4.3,3.53
2023-02-06,7.84,190,4.58,4.44,3.63
2023-02-07,7.84,191,4.58,4.47,3.67
2023-02-08,7.88,195,4.58,4.45,3.63
2023-02-09,7.87,193,4.57,4.48,3.67
2023-02-10,7.766,196,4.58,4.5,3.74
2023-02-15,7.88,191,4.58,4.62,3.81
2023-02-16,7.94,186,4.58,4.62,3.86
2023-02-17,7.86,192,4.58,4.6,3.82
2023-02-21,7.88,188,4.58,4.67,3.95
2023-02-22,7.83,191,4.58,4.66,3.93
2023-02-23,7.86,189,4.58,4.66,3.88
2023-02-24,8.07,188,4.58,4.78,3.95
2023-02-27,7.99,190,4.57,4.78,3.92
2023-02-28,8.0,191,4.57,4.81,3.92
2023-03-01,7.96,191,4.58,4.89,4.01
2023-03-02,8.07,192,4.57,4.89,4.08
2023-03-03,8.07,191,4.57,4.86,3.97
2023-03-06,8.07,187,4.57,4.89,3.98
2023-03-07,8.05,190,4.57,5.0,3.97
2023-03-08,8.054,191,4.57,5.05,3.98
2023-03-09,8.0,197,4.57,4.9,3.93
2023-03-10,7.87,204,4.57,4.6,3.7
2023-03-13,7.77,209,4.58,4.03,3.55
2023-03-14,7.78,200,4.58,4.2,3.64
2023-03-15,7.62,214,4.58,3.93,3.51
2023-03-16,7.7,204,4.58,4.14,3.56
2023-03-17,7.57,214,4.58,3.81,3.39
2023-03-20,7.55,211,4.58,3.92,3.47
2023-03-21,7.57,205,4.58,4.17,3.59
2023-03-22,7.55,216,4.58,3.96,3.48
2023-03-23,7.42,216,4.83,3.76,3.38
2023-03-24,7.42,215,4.83,3.76,3.38
2023-03-27,7.47,206,4.83,3.94,3.53
2023-03-28,7.47,210,4.83,4.02,3.55
2023-03-29,7.48,207,4.83,4.08,3.57
2023-03-30,7.46,209,4.83,4.1,3.55
2023-03-31,7.51,209,4.83,4.06,3.48
2023-04-03,7.53,205,4.83,3.97,3.43
2023-04-04,7.48,210,4.83,3.84,3.35
2023-04-05,7.45,212,4.83,3.79,3.3
2023-04-10,7.5,205,4.83,4.0,3.41
2023-04-11,7.51,204,4.83,4.03,3.43
2023-04-12,7.48,204,4.83,3.95,3.41
2023-04-13,7.48,201,4.83,3.96,3.45
2023-04-14,7.52,198,4.83,4.08,3.52
2023-04-17,7.57,197,4.83,4.18,3.6
2023-04-24,7.45,200,4.83,4.12,3.52
2023-04-25,7.41,201,4.83,3.86,3.4
2023-04-26,7.43,197,4.83,3.9,3.43
2023-04-27,7.49,193,4.83,4.07,3.53
2023-04-28,7.49,193,4.83,4.04,3.44
2023-05-02,7.51,199,4.83,3.97,3.44
2023-05-03,7.44,201,4.83,3.89,3.38
2023-05-04,7.43,201,5.08,3.75,3.37
2023-05-05,7.33,201,5.08,3.92,3.44
2023-05-08,7.26,198,5.08,4.0,3.52
2023-05-09,7.19,197,5.08,4.01,3.53
2023-05-10,7.14,199,5.08,3.9,3.43
2023-05-11,7.19,199,5.08,3.89,3.39
2023-05-12,7.19,198,5.08,3.98,3.46
2023-05-15,7.11,199,5.08,3.99,3.5
2023-05-16,7.24,198,5.08,4.06,3.54
2023-05-17,7.27,199,5.08,4.12,3.57
2023-05-18,7.31,195,5.08,4.24,3.65
2023-05-19,7.41,194,5.08,4.28,3.7
2023-05-22,7.44,195,5.08,4.29,3.72
2023-05-23,7.35,199,5.08,4.26,3.7
2023-05-24,7.33,198,5.08,4.31,3.73
2023-05-25,7.29,194,5.08,4.5,3.83
2023-05-26,7.21,196,5.08,4.54,3.8
2023-05-30,7.15,197,5.08,4.46,3.69
2023-05-31,7.05,200,5.08,4.4,3.64
2023-06-01,7.23,195,5.08,4.33,3.61
2023-06-02,7.27,186,5.08,4.5,3.69
2023-06-05,7.29,192,5.08,4.46,3.69
2023-06-06,7.29,191,5.08,4.51,3.7
2023-06-07,7.31,187,5.08,4.56,3.79
2023-06-08,7.22,188,5.08,4.52,3.73
2023-06-09,7.16,186,5.08,4.59,3.75
2023-06-12,7.13,185,5.08,4.55,3.73
2023-06-13,7.13,178,5.08,4.67,3.84
2023-06-14,7.09,180,5.08,4.74,3.83
2023-06-15,7.08,182,5.07,4.62,3.72
2023-06-16,7.02,178,5.08,4.7,3.77
2023-06-20,6.93,179,5.07,4.68,3.74
2023-06-21,6.92,178,5.07,4.68,3.72
2023-06-22,6.96,172,5.07,4.77,3.8
2023-06-23,6.95,175,5.07,4.71,3.74
2023-06-26,6.95,176,5.07,4.65,3.72
2023-06-27,6.94,174,5.07,4.74,3.77
2023-06-28,6.88,178,5.07,4.71,3.71
2023-06-30,6.85,172,5.08,4.87,3.81
2023-07-03,6.66,168,5.08,4.94,3.86
2023-07-05,6.66,163,5.08,4.94,3.95
2023-07-06,6.79,165,5.08,4.99,4.05
2023-07-07,6.78,167,5.08,4.94,4.06
2023-07-10,6.8,168,5.07,4.85,4.01
2023-07-13,6.67,170,5.08,4.59,3.76
2023-07-14,6.73,169,5.08,4.74,3.83
2023-07-17,6.78,169,5.08,4.74,3.81
2023-07-18,6.79,168,5.08,4.74,3.8
2023-07-19,6.76,173,5.08,4.74,3.75
2023-07-20,6.79,172,5.08,4.8,3.85
2023-07-21,6.83,173,5.08,4.82,3.84
2023-07-24,6.83,173,5.08,4.81,3.86
2023-07-25,6.78,175,5.08,4.85,3.91
2023-07-26,6.76,173,5.08,4.82,3.86
2023-07-27,6.81,165,5.33,4.91,4.01
2023-07-31,6.72,163,5.33,4.88,3.97
2023-08-01,6.74,162,5.33,4.92,4.05
2023-08-02,6.82,163,5.33,4.88,4.08
2023-08-03,6.94,162,5.33,4.9,4.2
2023-08-04,6.89,168,5.33,4.78,4.05
2023-08-07,6.88,165,5.33,4.76,4.09
2023-08-08,6.81,165,5.33,4.74,4.02
2023-08-09,6.76,160,5.33,4.79,4.0
2023-08-10,6.68,159,5.33,4.82,4.09
2023-08-11,6.68,162,5.33,4.89,4.16
2023-08-14,6.74,167,5.33,4.96,4.19
2023-08-15,6.77,167,5.33,4.92,4.21
2023-08-16,6.8,172,5.33,4.97,4.28
2023-08-17,6.9,175,5.33,4.94,4.3
2023-08-18,6.98,173,5.33,4.92,4.26
2023-08-21,7.08,173,5.33,4.97,4.34
2023-08-22,7.07,174,5.33,5.02,4.34
2023-08-23,6.96,172,5.33,4.95,4.19
2023-08-24,6.91,172,5.33,4.98,4.23
2023-08-25,6.9,171,5.33,5.03,4.25
2023-08-28,6.84,169,5.33,4.98,4.2
2023-08-29,6.74,164,5.33,4.87,4.12
2023-08-31,6.68,160,5.33,4.85,4.09
2023-09-01,6.79,160,5.33,4.87,4.18
2023-09-05,6.88,167,5.33,4.94,4.27
2023-09-06,6.98,169,5.33,5.01,4.3
2023-09-07,6.93,169,5.33,4.94,4.27
2023-09-08,6.85,171,5.33,4.98,4.26
2023-09-11,6.83,175,5.33,4.97,4.29
2023-09-12,6.83,175,5.33,4.98,4.27
2023-09-13,6.83,172,5.33,4.96,4.25
2023-09-14,6.81,171,5.33,5.0,4.29
2023-09-15,6.75,174,5.33,5.02,4.33
2023-09-18,6.79,170,5.33,5.05,4.32
2023-09-19,6.91,166,5.33,5.08,4.37
2023-09-20,6.88,166,5.33,5.12,4.35
2023-09-21,7.02,169,5.33,5.12,4.49
2023-09-22,6.97,166,5.33,5.1,4.44
2023-09-25,7.15,168,5.33,5.09,4.55
2023-09-26,7.22,171,5.33,5.04,4.56
2023-09-27,7.45,176,5.33,5.1,4.61
2023-09-28,7.37,174,5.33,5.04,4.59
2023-09-29,7.23,174,5.33,5.03,4.59
2023-10-02,7.34,179,5.33,5.12,4.69
2023-10-03,7.48,182,5.33,5.15,4.81
2023-10-04,7.5,183,5.33,5.05,4.73
2023-10-05,7.57,179,5.33,5.03,4.72
2023-10-06,7.56,179,5.33,5.08,4.78
2023-10-10,7.48,180,5.33,4.96,4.66
2023-10-11,7.53,176,5.33,4.99,4.58
2023-10-12,7.65,181,5.33,5.06,4.7
2023-10-13,7.68,178,5.33,5.04,4.63
2023-10-16,7.72,178,5.33,5.09,4.71
2023-10-17,7.69,179,5.33,5.19,4.83
2023-10-18,7.72,179,5.33,5.19,4.91
2023-10-19,7.75,185,5.33,5.14,4.98
2023-10-20,7.76,184,5.33,5.07,4.93
2023-10-23,7.73,183,5.33,5.05,4.86
2023-10-24,7.66,178,5.33,5.02,4.83
2023-10-25,7.71,183,5.33,5.08,4.95
2023-10-26,7.68,183,5.33,5.02,4.86
2023-10-27,7.69,181,5.33,4.99,4.84
2023-10-30,7.66,176,5.33,5.03,4.88
2023-10-31,7.66,183,5.33,5.07,4.88
2023-11-02,7.32,174,5.33,4.98,4.67
2023-11-03,7.29,178,5.33,4.83,4.57
2023-11-06,7.25,183,5.33,4.93,4.67
2023-11-07,7.23,185,5.33,4.91,4.58
2023-11-08,7.14,180,5.33,4.93,4.49
2023-11-09,7.16,181,5.33,5.03,4.62
2023-11-10,7.18,183,5.33,5.04,4.61
2023-11-13,7.2,181,5.33,5.02,4.63
2023-11-14,7.08,175,5.33,4.8,4.44
2023-11-15,7.13,178,5.33,4.9,4.53
2023-11-16,7.11,177,5.33,4.83,4.45
2023-11-17,7.12,176,5.33,4.88,4.44
2023-11-20,7.08,173,5.33,4.89,4.42
2023-11-21,7.06,170,5.33,4.86,4.41
2023-11-22,7.09,170,5.33,4.89,4.42
2023-11-24,7.18,171,5.33,4.92,4.47
2023-11-27,7.22,170,5.33,4.84,4.39
2023-11-28,7.24,164,5.33,4.73,4.34
2023-11-29,7.18,160,5.33,4.64,4.27
2023-11-30,7.2,161,5.33,4.73,4.37
2023-12-01,7.1,158,5.33,4.56,4.22
2023-12-04,7.1,162,5.33,4.64,4.28
2023-12-05,7.04,163,5.33,4.57,4.18
2023-12-06,6.88,162,5.33,4.6,4.12
2023-12-07,6.92,162,5.33,4.58,4.14
2023-12-11,7.061,166,5.33,4.71,4.23
2023-12-12,7.08,172,5.33,4.73,4.2
2023-12-13,6.97,164,5.33,4.46,4.04
2023-12-14,6.75,164,5.33,4.37,3.92
2023-12-15,6.77,162,5.33,4.44,3.91
2023-12-18,6.8,160,5.33,4.43,3.95
2023-12-19,6.82,164,5.33,4.41,3.93
2023-12-20,6.79,161,5.33,4.34,3.86
2023-12-21,6.8,159,5.33,4.33,3.89
2023-12-22,6.8,159,5.33,4.31,3.9
2023-12-26,6.79,167,5.33,4.26,3.89
2023-12-27,6.68,162,5.33,4.2,3.79
2023-12-28,6.66,160,5.33,4.26,3.84
2023-12-29,6.69,160,5.33,4.23,3.88
2024-01-03,6.78,175,5.33,4.33,3.91
2024-01-04,6.84,171,5.33,4.38,3.99
2024-01-05,6.85,176,5.33,4.4,4.05
2024-01-08,6.82,177,5.33,4.36,4.01
2024-01-09,6.79,171,5.33,4.36,4.02
2024-01-10,6.72,172,5.33,4.37,4.04
2024-01-11,6.63,169,5.33,4.26,3.98
2024-01-12,6.55,169,5.33,4.14,3.96
2024-01-16,6.59,169,5.33,4.22,4.07
2024-01-17,6.67,170,5.33,4.34,4.1
2024-01-18,6.69,171,5.33,4.34,4.14
2024-01-19,6.66,177,5.33,4.39,4.15
2024-01-22,6.61,176,5.33,4.37,4.11
2024-01-23,6.63,174,5.33,4.31,4.14
2024-01-24,6.65,172,5.33,4.34,4.18
2024-01-25,6.64,169,5.33,4.28,4.14
2024-01-26,6.68,164,5.33,4.34,4.15
2024-01-29,6.66,164,5.33,4.29,4.08
2024-01-30,6.65,162,5.33,4.36,4.06
2024-01-31,6.6,167,5.33,4.27,3.99
2024-02-01,6.53,169,5.33,4.2,3.87
2024-02-02,6.7,167,5.33,4.36,4.03
2024-02-05,6.93,166,5.33,4.46,4.17
2024-02-06,6.74,168,5.33,4.39,4.09
2024-02-07,6.7,165,5.33,4.41,4.09
2024-02-08,6.73,167,5.33,4.46,4.15
2024-02-09,6.71,167,5.33,4.48,4.17
2024-02-12,6.71,164,5.33,4.46,4.17
2024-02-13,6.77,161,5.33,4.64,4.31
2024-02-14,6.74,162,5.33,4.56,4.27
2024-02-15,6.7,158,5.33,4.56,4.24
2024-02-16,6.7,157,5.33,4.64,4.3
2024-02-20,6.71,157,5.33,4.59,4.27
2024-02-21,6.74,156,5.33,4.64,4.32
2024-02-22,6.76,157,5.33,4.69,4.33
2024-02-23,6.81,157,5.33,4.67,4.26
2024-02-26,6.89,155,5.33,4.69,4.28
2024-02-27,6.86,150,5.33,4.7,4.31
2024-02-28,6.84,153,5.33,4.64,4.27
2024-02-29,6.86,153,5.33,4.64,4.25
2024-03-01,6.83,156,5.33,4.54,4.19
2024-03-04,6.88,154,5.33,4.61,4.22
2024-03-05,6.9,156,5.33,4.54,4.13
2024-03-06,6.95,155,5.33,4.55,4.11
2024-03-07,6.94,160,5.33,4.5,4.09
2024-03-08,6.97,160,5.33,4.48,4.09
2024-03-11,7.02,157,5.33,4.51,4.1
2024-03-12,7.04,155,5.33,4.58,4.16
2024-03-13,6.99,151,5.33,4.61,4.19
2024-03-14,7.02,150,5.33,4.68,4.29
2024-03-15,6.96,151,5.33,4.72,4.31
2024-03-18,6.99,151,5.33,4.73,4.34
2024-03-19,6.98,153,5.33,4.68,4.3
2024-03-20,7.02,150,5.33,4.59,4.27
2024-03-21,7.0,146,5.33,4.62,4.27
2024-03-22,6.94,148,5.33,4.59,4.22
2024-03-25,7.01,148,5.33,4.54,4.25
2024-03-26,7.33,150,5.33,4.56,4.24
2024-03-27,7.34,151,5.33,4.54,4.2
2024-04-01,7.54,150,5.33,4.72,4.33
2024-04-02,7.49,153,5.33,4.7,4.36
2024-04-03,7.2,153,5.33,4.68,4.36
2024-04-04,7.16,154,5.33,4.65,4.31
2024-04-05,7.22,149,5.33,4.73,4.39
2024-04-08,7.25,150,5.33,4.78,4.42
2024-04-09,7.28,148,5.33,4.74,4.36
2024-04-10,7.38,146,5.33,4.97,4.55
2024-04-11,7.45,147,5.33,4.93,4.56
2024-04-12,7.35,150,5.33,4.88,4.5
2024-04-15,7.46,154,5.33,4.93,4.63
2024-04-16,7.6,157,5.33,4.97,4.67
2024-04-17,7.58,158,5.33,4.93,4.59
2024-04-18,7.59,157,5.33,4.98,4.64
2024-04-19,7.5,157,5.33,4.97,4.62
2024-04-22,7.34,156,5.33,4.97,4.62
2024-04-23,7.3,155,5.33,4.86,4.61
2024-04-24,7.34,156,5.33,4.89,4.65
2024-04-25,7.36,157,5.33,4.96,4.7
2024-04-26,7.37,158,5.33,4.96,4.67
2024-04-29,7.355,158,5.33,4.97,4.63
2024-04-30,7.29,160,5.33,5.04,4.69
2024-05-02,7.22,158,5.33,4.87,4.58
2024-05-03,7.1,156,5.33,4.81,4.5
2024-05-06,7.1,154,5.33,4.82,4.49
2024-05-07,7.05,155,5.33,4.82,4.47
2024-05-08,7.13,149,5.33,4.84,4.48
2024-05-09,7.13,150,5.33,4.8,4.45
2024-05-10,7.12,151,5.33,4.87,4.5
2024-05-13,7.09,150,5.33,4.85,4.48
2024-05-14,7.113,155,5.33,4.81,4.45
2024-05-15,7.06,154,5.33,4.73,4.36
2024-05-16,7.06,153,5.33,4.78,4.38
2024-05-17,7.06,153,5.33,4.83,4.42
2024-05-20,7.066,151,5.33,4.82,4.44
2024-05-21,7.05,150,5.33,4.82,4.41
2024-05-22,7.09,158,5.33,4.86,4.43
2024-05-23,7.12,158,5.33,4.91,4.47
2024-05-24,7.09,161,5.33,4.93,4.46
2024-05-28,7.11,169,5.33,4.94,4.54
2024-05-29,7.11,161,5.33,4.96,4.61
2024-05-30,7.13,158,5.33,4.92,4.55
2024-05-31,7.06,159,5.33,4.89,4.51
2024-06-03,7.0,160,5.33,4.82,4.41
2024-06-04,7.0,162,5.33,4.77,4.33
2024-06-05,7.01,161,5.33,4.72,4.29
2024-06-06,6.99,163,5.33,4.72,4.28
2024-06-10,7.06,161,5.33,4.87,4.47
2024-06-11,7.06,165,5.33,4.81,4.39
2024-06-12,7.04,161,5.33,4.75,4.31
2024-06-13,7.04,163,5.33,4.68,4.24
2024-06-14,7.06,166,5.33,4.67,4.2
2024-06-17,7.09,162,5.33,4.75,4.28
2024-06-18,7.17,164,5.33,4.69,4.22
2024-06-20,7.18,162,5.33,4.7,4.25
2024-06-21,7.17,160,5.33,4.7,4.25
2024-06-24,7.16,160,5.33,4.71,4.25
2024-06-25,7.15,158,5.33,4.65,4.23
2024-06-26,7.16,156,5.33,4.71,4.32
2024-06-27,7.09,156,5.33,4.7,4.29
2024-06-28,7.06,154,5.33,4.71,4.36
2024-07-01,7.1,157,5.33,4.77,4.48
2024-07-02,7.11,159,5.33,4.74,4.43
2024-07-03,7.07,160,5.33,4.71,4.36
2024-07-05,7.03,160,5.33,4.6,4.28
2024-07-08,7.04,157,5.33,4.62,4.28
2024-07-09,7.05,159,5.33,4.62,4.3
2024-07-10,6.98,158,5.33,4.62,4.28
2024-07-11,6.9,153,5.33,4.5,4.2
2024-07-12,6.86,157,5.33,4.45,4.18
2024-07-15,6.89,157,5.33,4.44,4.23
2024-07-16,6.89,159,5.33,4.43,4.17
2024-07-17,6.88,162,5.33,4.42,4.16
2024-07-18,6.91,161,5.33,4.46,4.2
2024-07-19,6.96,158,5.33,4.49,4.25
2024-07-22,6.95,160,5.33,4.5,4.26
2024-07-24,6.98,156,5.33,4.37,4.28
2024-07-25,6.96,157,5.33,4.41,4.27
2024-07-30,6.93,161,5.33,4.35,4.15
2024-07-31,6.9,164,5.33,4.29,4.09
2024-08-01,6.79,174,5.33,4.16,3.99
2024-08-02,6.69,185,5.33,3.88,3.8
2024-08-05,6.73,191,5.33,3.89,3.78
2024-08-07,6.7,177,5.33,4.0,3.96
2024-08-08,6.62,175,5.33,4.04,3.99
2024-08-09,6.55,174,5.33,4.05,3.94
2024-08-16,6.55,166,5.33,4.06,3.89
2024-08-19,6.53,164,5.33,4.06,3.86
2024-08-20,6.53,165,5.33,3.99,3.82
2024-08-21,6.55,163,5.33,3.92,3.79
2024-08-22,6.59,163,5.33,3.99,3.86
2024-08-23,6.53,163,5.33,3.9,3.81
2024-08-26,6.54,160,5.33,3.91,3.82
2024-08-27,6.56,161,5.33,3.83,3.83
2024-08-28,6.55,162,5.33,3.83,3.84
2024-08-29,6.54,164,5.33,3.87,3.87
2024-09-03,6.55,166,5.33,3.88,3.84
2024-09-04,6.53,166,5.33,3.76,3.77
2024-09-05,6.52,170,5.33,3.75,3.73
2024-09-06,6.48,169,5.33,3.66,3.72
2024-09-09,6.43,171,5.33,3.68,3.7
2024-09-10,6.44,171,5.33,3.59,3.65
2024-09-11,6.4,173,5.33,3.62,3.65
2024-09-12,6.42,168,5.33,3.64,3.68
2024-09-13,6.39,168,5.33,3.57,3.66
2024-09-16,6.33,167,5.33,3.56,3.63
2024-09-17,6.29,164,5.33,3.59,3.65
2024-09-18,6.25,159,5.33,3.61,3.7
2024-09-19,6.22,158,4.83,3.59,3.73
2024-09-20,6.229,159,4.83,3.55,3.73
2024-09-23,6.25,159,4.83,3.57,3.75
2024-09-24,6.28,160,4.83,3.49,3.74
2024-09-25,6.29,155,4.83,3.53,3.79
2024-09-26,6.29,156,4.83,3.6,3.79
2024-09-27,6.24,156,4.83,3.55,3.75
2024-09-30,6.22,154,4.83,3.66,3.81
2024-10-01,6.22,154,4.83,3.61,3.74
2024-10-02,6.28,152,4.83,3.63,3.79
2024-10-03,6.39,150,4.83,3.7,3.85
2024-10-04,6.43,149,4.83,3.93,3.98
2024-10-07,6.5,151,4.83,3.99,4.03
2024-10-09,6.53,153,4.83,3.99,4.06
2024-10-10,6.51,158,4.83,3.98,4.09
2024-10-11,6.43,156,4.83,3.95,4.08
2024-10-15,6.36,158,4.83,3.95,4.03
2024-10-16,6.37,155,4.83,3.93,4.02
2024-10-17,6.43,152,4.83,3.96,4.09
2024-10-18,6.44,153,4.83,3.95,4.08
2024-10-21,6.59,152,4.83,4.02,4.19
2024-10-22,6.64,156,4.83,4.03,4.2
2024-10-23,6.67,157,4.83,4.07,4.24
2024-10-24,6.61,157,4.83,4.07,4.21
2024-10-25,6.63,154,4.83,4.11,4.25
2024-10-28,6.6643,152,4.83,4.12,4.28
2024-10-29,6.77,154,4.83,4.11,4.28
2024-10-30,6.8,151,4.83,4.15,4.29
2024-10-31,6.82,156,4.83,4.16,4.28
2024-11-04,6.74,157,4.83,4.17,4.31
2024-11-05,6.75,160,4.83,4.19,4.26
2024-11-06,6.78,155,4.83,4.27,4.42
2024-11-07,6.68,151,4.83,4.21,4.31
2024-11-08,6.62,153,4.58,4.26,4.3
2024-11-12,6.7,151,4.58,4.34,4.43
2024-11-13,6.69,149,4.58,4.27,4.44
2024-11-14,6.67,148,4.58,4.34,4.43
2024-11-15,6.7,157,4.58,4.31,4.43
2024-11-18,6.7,162,4.58,4.29,4.42
2024-11-19,6.73,154,4.58,4.27,4.39
2024-11-20,6.75,156,4.58,4.31,4.41
2024-11-21,6.72,154,4.58,4.34,4.43
2024-11-22,6.69,155,4.58,4.37,4.41
2024-11-25,6.57,162,4.58,4.21,4.27
2024-11-26,6.59,159,4.58,4.21,4.3
2024-11-27,6.54,157,4.58,4.19,4.25
2024-11-29,6.56,161,4.58,4.13,4.18
2024-12-02,6.57,161,4.58,4.17,4.19
2024-12-03,6.56,155,4.58,4.17,4.23
2024-12-04,6.53,158,4.58,4.13,4.19
2024-12-05,6.54,156,4.58,4.15,4.17
2024-12-06,6.54,153,4.58,4.1,4.15
2024-12-09,6.55,150,4.58,4.13,4.2
2024-12-10,6.55,150,4.58,4.15,4.22
2024-12-11,6.53,147,4.58,4.15,4.26
2024-12-12,6.57,147,4.58,4.18,4.32
2024-12-13,6.6,150,4.58,4.25,4.4
2024-12-16,6.618,157,4.58,4.25,4.39
2024-12-17,6.63,154,4.58,4.25,4.4
2024-12-18,6.67,153,4.58,4.35,4.5
2024-12-19,6.77,161,4.33,4.32,4.57
2024-12-23,6.74,153,4.33,4.3,4.59
2024-12-24,6.73,154,4.33,4.29,4.59
2024-12-26,6.71,157,4.33,4.3,4.58
2024-12-27,6.68,152,4.33,4.31,4.62
2024-12-30,6.62,160,4.33,4.24,4.55
2025-01-02,6.65,159,4.33,4.25,4.57
2025-01-03,6.69,155,4.33,4.28,4.6
2025-01-06,6.71,156,4.33,4.28,4.62
2025-01-07,6.69,154,4.33,4.3,4.67
2025-01-08,6.69,161,4.33,4.28,4.67
2025-01-09,6.69,157,4.33,4.27,4.68
2025-01-10,6.69,158,4.33,4.4,4.77
2025-01-13,6.7,157,4.33,4.4,4.79
2025-01-14,6.76,157,4.33,4.37,4.78
2025-01-15,6.63,157,4.33,4.27,4.66
2025-01-16,6.63,158,4.33,4.23,4.61
2025-01-17,6.63,155,4.33,4.27,4.61
2025-01-21,6.67,154,4.33,4.29,4.57
2025-01-22,6.72,153,4.33,4.29,4.6
2025-01-23,6.76,155,4.33,4.29,4.65
2025-01-24,6.73,154,4.33,4.27,4.63
2025-01-27,6.73,158,4.33,4.17,4.53
2025-01-28,6.71,158,4.33,4.19,4.55
2025-01-29,6.69,159,4.33,4.21,4.55
2025-01-30,6.66,158,4.33,4.18,4.52
2025-01-31,6.7,159,4.33,4.22,4.58
2025-02-03,6.67,161,4.33,4.26,4.54
2025-02-04,6.63,161,4.33,4.21,4.52
2025-02-05,6.6,161,4.33,4.17,4.43
2025-02-06,6.52,157,4.33,4.21,4.45
2025-02-07,6.46,159,4.33,4.29,4.49
2025-02-10,6.42,158,4.33,4.28,4.51
2025-02-11,6.47,158,4.33,4.29,4.54
2025-02-12,6.53,157,4.33,4.36,4.62
2025-02-13,6.49,158,4.33,4.31,4.52
2025-02-14,6.46,154,4.33,4.26,4.47
2025-02-18,6.48,151,4.33,4.29,4.55
2025-02-19,6.49,155,4.33,4.28,4.53
2025-02-20,6.47,156,4.33,4.28,4.5
2025-02-21,6.43,159,4.33,4.19,4.42
2025-02-24,6.42,160,4.33,4.13,4.4
2025-02-25,6.36,162,4.33,4.07,4.3
2025-02-26,6.33,160,4.33,4.05,4.25
2025-02-27,6.34,160,4.33,4.07,4.29
2025-02-28,6.42,164,4.33,3.99,4.24
2025-03-03,6.44,167,4.33,3.96,4.16
2025-03-04,6.44,160,4.33,3.96,4.22
2025-03-05,6.47,155,4.33,3.99,4.28
2025-03-06,6.45,161,4.33,3.96,4.29
2025-03-07,6.46,158,4.33,3.99,4.32
2025-03-10,6.48,162,4.33,3.89,4.22
2025-03-11,6.48,162,4.33,3.94,4.28
2025-03-12,6.47,161,4.33,4.01,4.32
2025-03-13,6.45,171,4.33,3.94,4.27
2025-03-14,6.42,167,4.33,4.02,4.31
2025-03-17,6.36,169,4.33,4.06,4.31
2025-03-18,6.39,168,4.33,4.04,4.29
2025-03-19,6.39,164,4.33,3.99,4.25
2025-03-20,6.42,162,4.33,3.95,4.24
2025-03-21,6.42,162,4.33,3.94,4.25
2025-03-24,6.48,158,4.33,4.04,4.34
2025-03-25,6.51,160,4.33,3.96,4.31
2025-03-26,6.58,159,4.33,3.98,4.35
2025-03-27,6.68,162,4.33,3.97,4.38
2025-03-28,6.71,168,4.33,3.89,4.27
2025-03-31,6.69,170,4.33,3.89,4.23
2025-04-01,6.69,168,4.33,3.87,4.17
2025-04-02,6.61,168,4.33,3.91,4.2
2025-04-03,6.43,178,4.33,3.71,4.06
2025-04-04,6.39,185,4.33,3.68,4.01
2025-04-07,6.55,186,4.33,3.73,4.15
2025-04-08,6.61,187,4.33,3.71,4.26
2025-04-09,6.59,180,4.33,3.91,4.34
2025-04-10,6.67,177,4.33,3.84,4.4
2025-04-11,6.63,183,4.33,3.96,4.48
2025-04-14,6.63,179,4.33,3.84,4.38
2025-04-15,6.64,180,4.33,3.84,4.35
2025-04-16,6.63,184,4.33,3.77,4.29
2025-04-21,6.67,180,4.33,3.75,4.42
2025-04-22,6.71,176,4.33,3.76,4.41
2025-04-23,6.66,169,4.33,3.81,4.4
2025-04-24,6.63,172,4.33,3.77,4.32
2025-04-25,6.63,171,4.33,3.74,4.29
2025-04-28,6.63,173,4.33,3.67,4.23
2025-04-29,6.53,176,4.33,3.65,4.19
2025-04-30,6.55,176,4.33,3.6,4.17
2025-05-02,6.57,167,4.33,3.83,4.33
2025-05-05,6.6,169,4.33,3.83,4.36
2025-05-06,6.59,167,4.33,3.78,4.3
2025-05-07,6.53,169,4.33,3.78,4.26
2025-05-08,6.54,162,4.33,3.9,4.37
2025-05-09,6.4,163,4.33,3.88,4.37
2025-05-12,6.39,155,4.33,3.98,4.45
2025-05-13,6.37,154,4.33,4.02,4.49
2025-05-14,6.42,154,4.33,4.05,4.53
2025-05-15,6.37,155,4.33,3.96,4.45
2025-05-16,6.41,156,4.33,3.98,4.43
2025-05-19,6.43,153,4.33,3.97,4.46
2025-05-20,6.48,153,4.33,3.97,4.48
2025-05-21,6.54,150,4.33,4.0,4.58
2025-05-22,6.57,154,4.33,4.0,4.54
2025-05-23,6.58,154,4.33,4.0,4.51
2025-05-27,6.48,152,4.33,3.92,4.43
2025-05-28,6.46,154,4.33,3.96,4.47
2025-05-29,6.45,153,4.33,3.92,4.43
2025-05-30,6.5,158,4.33,3.89,4.41
2025-06-02,6.51,157,4.33,3.94,4.46
2025-06-03,6.52,154,4.33,3.96,4.46
2025-06-04,6.45,160,4.33,3.87,4.37
2025-06-05,6.59,157,4.33,3.92,4.4
2025-06-06,6.63,151,4.33,4.04,4.51
2025-06-09,6.61,154,4.33,4.01,4.49
2025-06-10,6.58,153,4.33,4.01,4.47
2025-06-11,6.49,151,4.33,3.94,4.41
2025-06-12,6.35,154,4.33,3.9,4.36
2025-06-13,6.4,151,4.33,3.96,4.41
2025-06-16,6.39,146,4.33,3.97,4.46
2025-06-17,6.4,149,4.33,3.94,4.39
2025-06-18,6.39,153,4.33,3.94,4.38
2025-06-20,6.37,154,4.33,3.9,4.38
2025-06-23,6.37,155,4.33,3.84,4.34
2025-06-24,6.31,156,4.33,3.75,4.3
2025-06-25,6.26,158,4.33,3.74,4.29
2025-06-26,6.23,160,4.33,3.7,4.26
2025-06-27,6.24,155,4.33,3.73,4.29
2025-06-30,6.17,154,4.33,3.72,4.24
2025-07-01,6.13,149,4.33,3.78,4.26
2025-07-02,6.1,149,4.33,3.78,4.3
2025-07-03,6.11,143,4.33,3.88,4.35
2025-07-07,6.14,141,4.33,3.9,4.4
2025-07-08,6.14,145,4.33,3.9,4.42
2025-07-09,6.13,142,4.33,3.86,4.34
2025-07-10,6.15,142,4.33,3.86,4.35
2025-07-11,6.17,135,4.33,3.9,4.43
2025-07-14,6.18,138,4.33,3.9,4.43
2025-07-15,6.23,134,4.33,3.95,4.5
2025-07-16,6.27,140,4.33,3.88,4.46
2025-07-17,6.279,139,4.33,3.91,4.47
2025-07-18,6.3,139,4.33,3.88,4.44
2025-07-21,6.27,137,4.33,3.85,4.38
2025-07-22,6.24,142,4.33,3.83,4.35
2025-07-24,6.21,138,4.33,3.91,4.43
2025-07-25,6.18,142,4.33,3.91,4.4
2025-07-30,6.18,142,4.33,3.94,4.38
2025-07-31,6.21,140,4.33,3.94,4.37
2025-08-01,6.12,147,4.33,3.69,4.23
2025-08-04,6.08,143,4.33,3.69,4.22
2025-08-05,6.04,144,4.33,3.72,4.22
2025-08-06,5.97,137,4.33,3.69,4.22
2025-08-07,5.97,138,4.33,3.72,4.23
2025-08-08,5.98,134,4.33,3.76,4.27
2025-08-11,5.96,133,4.33,3.76,4.27
2025-08-12,5.94,132,4.33,3.72,4.29
2025-08-13,5.93,131,4.33,3.67,4.24
2025-08-14,5.95,128,4.33,3.74,4.29
2025-08-15,5.96,126,4.33,3.75,4.33
2025-08-18,6.01,125,4.33,3.77,4.34
2025-08-19,6.01,126,4.33,3.75,4.3
2025-08-20,6.06,128,4.33,3.74,4.29
2025-08-21,6.1,130,4.33,3.79,4.33
2025-08-22,6.01,131,4.33,3.68,4.26
2025-08-25,6.05,129,4.33,3.73,4.28
2025-08-26,6.06,131,4.33,3.61,4.26
2025-08-27,6.05,136,4.33,3.59,4.24
2025-08-28,6.0392,135,4.33,3.62,4.22
2025-08-29,6.02,131,4.33,3.59,4.23
2025-09-02,6.26,133,4.33,3.66,4.28
2025-09-03,6.21,133,4.33,3.61,4.22
2025-09-04,6.18,133,4.33,3.59,4.17
2025-09-05,6.08,133,4.33,3.51,4.1
2025-09-08,6.07,132,4.33,3.49,4.05
2025-09-09,6.09,131,4.33,3.54,4.08
2025-09-10,6.02,128,4.33,3.54,4.04
2025-09-11,5.99,123,4.33,3.52,4.01
2025-09-12,6.0,122,4.33,3.56,4.06
2025-09-15,6.15,123,4.33,3.54,4.05
2025-09-16,6.21,123,4.33,3.51,4.04
2025-09-17,6.15,120,4.33,3.52,4.06
2025-09-18,6.14,117,4.08,3.57,4.11
2025-09-19,6.14,118,4.08,3.57,4.14
2025-09-22,6.14,118,4.09,3.61,4.15
2025-09-23,6.13,119,4.09,3.53,4.12
2025-09-24,6.14,117,4.09,3.57,4.16
2025-09-25,6.15,118,4.09,3.64,4.18
2025-09-26,6.15,118,4.09,3.63,4.2
2025-09-29,6.09,120,4.09,3.63,4.15
2025-09-30,6.05,119,4.09,3.6,4.16
2025-10-01,6.05,121,4.09,3.55,4.12
2025-10-02,6.05,122,4.09,3.55,4.1
2025-10-03,6.09,119,4.09,3.58,4.13
2025-10-06,6.15,117,4.09,3.6,4.18
2025-10-07,6.12,120,4.09,3.57,4.14
2025-10-09,6.18,121,4.1,3.6,4.14
2025-10-10,6.23,131,4.1,3.52,4.05
2025-10-14,6.21,131,4.1,3.48,4.03
2025-10-15,6.17,126,4.1,3.5,4.05
2025-10-16,6.14,129,4.11,3.41,3.99
2025-10-17,6.12,126,4.11,3.46,4.02
2025-10-20,6.08,124,4.11,3.46,4.0
2025-10-21,6.07,120,4.11,3.45,3.98
2025-10-22,6.1,123,4.11,3.45,3.97
2025-10-23,6.09,124,4.11,3.48,4.01
2025-10-24,6.04,122,4.11,3.48,4.02
2025-10-27,6.0484,123,4.12,3.48,4.01
2025-10-28,6.01,124,4.12,3.47,3.99
2025-10-29,6.04,118,4.12,3.59,4.08
2025-10-30,6.05,122,3.87,3.61,4.11
2025-10-31,6.06,120,3.86,3.6,4.11
2025-11-03,6.06,124,3.87,3.6,4.13
2025-11-04,6.06,127,3.87,3.58,4.1
2025-11-05,6.05,125,3.87,3.63,4.17
2025-11-06,6.01,129,3.87,3.57,4.11
2025-11-07,6.04,129,3.87,3.55,4.11
2025-11-10,6.05,125,3.87,3.58,4.13
2025-11-12,6.04,126,3.87,3.56,4.08
2025-11-13,6.05,124,3.88,3.58,4.11
2025-11-14,6.09,119,3.88,3.62,4.14
2025-11-17,6.08,124,3.88,3.6,4.13
2025-11-18,6.04,125,3.88,3.58,4.12
2025-11-19,5.99,120,3.88,3.58,4.13
2025-11-20,5.999,126,3.88,3.55,4.1
2025-11-21,5.94,127,3.88,3.51,4.06
2025-11-24,5.92,129,3.88,3.46,4.04
2025-11-25,5.9,130,3.88,3.43,4.01
2025-11-26,5.9,130,3.88,3.45,4.0
2025-11-28,5.91,128,3.89,3.47,4.02
2025-12-01,5.94,124,3.89,3.54,4.09
2025-12-02,5.93,123,3.89,3.51,4.09
2025-12-03,5.87,123,3.89,3.49,4.06
2025-12-04,5.85,121,3.89,3.52,4.11
2025-12-05,5.79,121,3.89,3.56,4.14
2025-12-10,5.83,124,3.89,3.54,4.13
2025-12-11,5.81,124,3.64,3.52,4.14
2025-12-12,5.83,121,3.64,3.52,4.19
2025-12-15,5.76,120,3.64,3.51,4.18
2025-12-16,5.73,124,3.64,3.48,4.15
2025-12-17,5.74,121,3.64,3.49,4.16
2025-12-18,5.75,127,3.64,3.46,4.12
2025-12-19,5.83,129,3.64,3.48,4.16
2025-12-22,5.9,128,3.64,3.44,4.17
2025-12-23,5.86,132,3.64,3.48,4.18
2025-12-24,5.8,134,3.64,3.47,4.15
2025-12-29,5.89,136,3.64,3.45,4.12
2025-12-30,5.81,137,3.64,3.45,4.14
2025-12-31,5.796,135,3.64,3.47,4.18
